レビュー本文,カテゴリ,商品,価格,購入回数,評価
タオルを購入。とても使いやすいです。以上、参考になれば。,日用品,タオル,500,1,高評価
参考書を家族用に買いました。とても使いやすいです。買ってよかった。梱包も丁寧で好印象。星5つです。,書籍,参考書,1700,5,高評価
ハンドソープを購入。説明と違う商品が届いた。以上、参考になれば。,日用品,ハンドソープ,2100,5,低評価
セールでTシャツを注文しました。説明書どおりの性能。可もなく不可もなく。毎日使っています。以上、参考になれば。,衣料,Tシャツ,13400,1,普通
空気清浄機のレビューです。コスパが最高。デザインが気に入っています。総合的には満足。,家電,空気清浄機,20400,1,高評価
口コミを見て歯ブラシを選びました。特に不満はありません。また利用したいと思います。,日用品,歯ブラシ,300,1,普通
初めてスニーカーを試しました。コスパが最高。買ってよかった。また利用したいと思います。,衣料,スニーカー,13000,3,高評価
セールでダウンジャケットを注文しました。コスパが最高。特に不満はありません。星5つです。,衣料,ダウンジャケット,11400,6,高評価
口コミを見て写真集を選びました。特に不満はありません。思ったより大きめでした。他と比べていないので分かりません。また利用したいと思います。,書籍,写真集,3600,3,普通
ビジネス書を家族用に買いました。コスパが最高。想像より軽くて扱いやすい。とても使いやすいです。以上、参考になれば。,書籍,ビジネス書,3000,4,高評価
セールで掃除機を注文しました。値段の割に安っぽい。写真と全然違う。,家電,掃除機,16500,2,低評価
セールで料理本を注文しました。期待以上でした。想像より軽くて扱いやすい。リピート確定です。4点。,書籍,料理本,4000,2,高評価
セールで小説を注文しました。写真と全然違う。音がうるさくて使えない。説明書どおりの性能。また利用したいと思います。,書籍,小説,3000,6,低評価
収納ボックスのレビューです。買ってよかった。以上、参考になれば。,日用品,収納ボックス,2300,1,高評価
初めて手袋を試しました。期待外れでがっかり。二度と買いません。また利用したいと思います。,衣料,手袋,6000,1,低評価
緑茶のレビューです。期待外れでがっかり。初期不良でした。説明書が分かりにくい。以上、参考になれば。,食品,緑茶,600,2,低評価
セールでダウンジャケットを注文しました。すぐに壊れました。総合的には不満。,衣料,ダウンジャケット,5300,3,低評価
手袋を家族用に買いました。他と比べていないので分かりません。色が写真と少し違いました。普通に使えます。以上、参考になれば。,衣料,手袋,5600,1,普通
ビジネス書を家族用に買いました。想像より軽くて扱いやすい。毎日使っています。デザインが気に入っています。総合的には満足。,書籍,ビジネス書,900,1,高評価
Tシャツを家族用に買いました。到着は予定どおりでした。色が写真と少し違いました。まだ数回しか使っていません。,衣料,Tシャツ,7100,1,普通
セールでリュックを注文しました。買ってよかった。家族にも好評。とても使いやすいです。説明と違う商品が届いた。4点。,衣料,リュック,4400,2,高評価
セールでオリーブオイルを注文しました。二度と買いません。匂いが気になります。写真と全然違う。値段相応だと思います。以上、参考になれば。,食品,オリーブオイル,3300,5,低評価
セールでハンドソープを注文しました。音がうるさくて使えない。星1つです。,日用品,ハンドソープ,2700,6,低評価
歯ブラシを購入。梱包も丁寧で好印象。デザインが気に入っています。品質が良く長持ちしそう。普通に使えます。,日用品,歯ブラシ,500,1,高評価
スニーカーを家族用に買いました。家族にも好評。リピート確定です。梱包も丁寧で好印象。値段相応だと思います。4点。,衣料,スニーカー,7200,6,高評価
初めてレトルトカレーを試しました。リピート確定です。色が写真と少し違いました。5点。,食品,レトルトカレー,1100,5,高評価
セールでレインコートを注文しました。買ってよかった。星5つです。,衣料,レインコート,18000,1,高評価
セールでイヤホンを注文しました。説明書が分かりにくい。サイズが合わず返品しました。初期不良でした。特に不満はありません。また利用したいと思います。,家電,イヤホン,3100,3,低評価
レトルトカレーのレビューです。家族にも好評。とても使いやすいです。星5つです。,食品,レトルトカレー,2100,1,高評価
口コミを見てスニーカーを選びました。買ってよかった。とても使いやすいです。梱包も丁寧で好印象。また利用したいと思います。,衣料,スニーカー,17800,6,高評価
漫画のレビューです。想像より軽くて扱いやすい。コスパが最高。毎日使っています。,書籍,漫画,1000,3,高評価
セールで電気ケトルを注文しました。すぐに壊れました。説明書が分かりにくい。写真と全然違う。星1つです。,家電,電気ケトル,26300,1,低評価
口コミを見てTシャツを選びました。音がうるさくて使えない。写真と全然違う。思ったより大きめでした。総合的には不満。,衣料,Tシャツ,17300,6,低評価
初めてハンドソープを試しました。思ったより大きめでした。説明書が分かりにくい。総合的にはまあまあ。,日用品,ハンドソープ,1200,1,普通
初めて小説を試しました。デザインが気に入っています。説明と違う商品が届いた。5点。,書籍,小説,1700,3,高評価
初めてタオルを試しました。色が写真と少し違いました。可もなく不可もなく。値段相応だと思います。星2つです。,日用品,タオル,1800,6,普通
チョコレートを購入。とても使いやすいです。品質が良く長持ちしそう。二度と買いません。,食品,チョコレート,2100,5,高評価
ドライヤーのレビューです。すぐに壊れました。サイズが合わず返品しました。普通に使えます。総合的には不満。,家電,ドライヤー,12700,6,低評価
レインコートを購入。値段相応だと思います。特に不満はありません。他と比べていないので分かりません。以上、参考になれば。,衣料,レインコート,12600,3,普通
歯ブラシを家族用に買いました。思ったより大きめでした。色が写真と少し違いました。星3つです。,日用品,歯ブラシ,2800,3,普通
セールでリュックを注文しました。買ってよかった。サポートの対応が悪かった。総合的には満足。,衣料,リュック,12500,5,高評価
チョコレートのレビューです。デザインが気に入っています。以上、参考になれば。,食品,チョコレート,1800,6,高評価
初めてリュックを試しました。期待外れでがっかり。到着は予定どおりでした。以上、参考になれば。,衣料,リュック,4700,5,低評価
イヤホンのレビューです。説明と違う商品が届いた。サポートの対応が悪かった。星1つです。,家電,イヤホン,36000,4,低評価
掃除機のレビューです。梱包も丁寧で好印象。買ってよかった。家族にも好評。総合的には満足。,家電,掃除機,26500,2,高評価
口コミを見て小説を選びました。毎日使っています。友人にも勧めたい。,書籍,小説,3500,2,高評価
初めてスニーカーを試しました。他と比べていないので分かりません。説明書どおりの性能。到着は予定どおりでした。写真と全然違う。3点。,衣料,スニーカー,13900,3,普通
空気清浄機を家族用に買いました。まだ数回しか使っていません。また利用したいと思います。,家電,空気清浄機,5700,6,普通
口コミを見て炊飯器を選びました。品質が良く長持ちしそう。とても使いやすいです。友人にも勧めたい。以上、参考になれば。,家電,炊飯器,26900,3,高評価
セールでダウンジャケットを注文しました。リピート確定です。説明と違う商品が届いた。総合的には満足。,衣料,ダウンジャケット,20000,5,高評価
ダウンジャケットを購入。デザインが気に入っています。期待以上でした。家族にも好評。すぐに壊れました。星5つです。,衣料,ダウンジャケット,3600,3,高評価
ビジネス書を家族用に買いました。毎日使っています。品質が良く長持ちしそう。リピート確定です。星5つです。,書籍,ビジネス書,2400,4,高評価
チョコレートを家族用に買いました。リピート確定です。コスパが最高。梱包も丁寧で好印象。値段の割に安っぽい。また利用したいと思います。,食品,チョコレート,2000,5,高評価
初めてタオルを試しました。説明と違う商品が届いた。また利用したいと思います。,日用品,タオル,800,5,低評価
口コミを見てパスタを選びました。値段相応だと思います。可もなく不可もなく。色が写真と少し違いました。総合的にはまあまあ。,食品,パスタ,3300,3,普通
初めて小説を試しました。リピート確定です。買ってよかった。星4つです。,書籍,小説,3600,1,高評価
セールでタオルを注文しました。梱包も丁寧で好印象。以上、参考になれば。,日用品,タオル,2200,5,高評価
セールで料理本を注文しました。品質が良く長持ちしそう。コスパが最高。すぐに壊れました。また利用したいと思います。,書籍,料理本,2700,1,高評価
レインコートを家族用に買いました。値段相応だと思います。他と比べていないので分かりません。また利用したいと思います。,衣料,レインコート,9200,1,普通
初めてマスクを試しました。他と比べていないので分かりません。到着は予定どおりでした。説明書が分かりにくい。2点。,日用品,マスク,800,4,普通
料理本のレビューです。普通に使えます。友人にも勧めたい。総合的にはまあまあ。,書籍,料理本,2600,2,普通
口コミを見て掃除機を選びました。リピート確定です。思ったより大きめでした。また利用したいと思います。,家電,掃除機,7400,2,高評価
ダウンジャケットを購入。他と比べていないので分かりません。2点。,衣料,ダウンジャケット,16300,3,普通
セールで電気ケトルを注文しました。可もなく不可もなく。他と比べていないので分かりません。到着は予定どおりでした。また利用したいと思います。,家電,電気ケトル,28700,4,普通
初めてダウンジャケットを試しました。デザインが気に入っています。コスパが最高。毎日使っています。総合的には満足。,衣料,ダウンジャケット,15000,2,高評価
イヤホンを購入。想像より軽くて扱いやすい。とても使いやすいです。期待以上でした。以上、参考になれば。,家電,イヤホン,38400,2,高評価
セールでコーヒー豆を注文しました。サイズが合わず返品しました。期待外れでがっかり。匂いが気になります。以上、参考になれば。,食品,コーヒー豆,1800,3,低評価
炊飯器を家族用に買いました。友人にも勧めたい。総合的には満足。,家電,炊飯器,8800,4,高評価
セールで写真集を注文しました。可もなく不可もなく。総合的にはまあまあ。,書籍,写真集,3100,1,普通
ダウンジャケットを購入。期待以上でした。リピート確定です。想像より軽くて扱いやすい。,衣料,ダウンジャケット,9400,3,高評価
炊飯器を家族用に買いました。特に不満はありません。到着は予定どおりでした。色が写真と少し違いました。サイズが合わず返品しました。また利用したいと思います。,家電,炊飯器,32800,4,普通
セールでオリーブオイルを注文しました。毎日使っています。値段相応だと思います。また利用したいと思います。,食品,オリーブオイル,500,5,高評価
レインコートを購入。値段の割に安っぽい。音がうるさくて使えない。期待外れでがっかり。また利用したいと思います。,衣料,レインコート,3400,6,低評価
セールでオリーブオイルを注文しました。梱包も丁寧で好印象。友人にも勧めたい。想像より軽くて扱いやすい。星5つです。,食品,オリーブオイル,800,4,高評価
スニーカーを購入。期待外れでがっかり。音がうるさくて使えない。星2つです。,衣料,スニーカー,3300,6,低評価
手袋を家族用に買いました。サイズが合わず返品しました。写真と全然違う。音がうるさくて使えない。コスパが最高。2点。,衣料,手袋,10400,6,低評価
初めて参考書を試しました。特に不満はありません。到着は予定どおりでした。他と比べていないので分かりません。以上、参考になれば。,書籍,参考書,1700,1,高評価
小説を購入。毎日使っています。普通に使えます。,書籍,小説,3100,5,高評価
口コミを見てイヤホンを選びました。音がうるさくて使えない。期待以上でした。総合的には不満。,家電,イヤホン,27400,3,低評価
Tシャツのレビューです。リピート確定です。期待以上でした。また利用したいと思います。,衣料,Tシャツ,12500,1,高評価
歯ブラシを購入。初期不良でした。音がうるさくて使えない。説明と違う商品が届いた。以上、参考になれば。,日用品,歯ブラシ,2700,1,低評価
手袋を家族用に買いました。値段の割に安っぽい。総合的には不満。,衣料,手袋,6200,1,低評価
手袋を購入。説明書どおりの性能。また利用したいと思います。,衣料,手袋,7200,5,普通
小説のレビューです。買ってよかった。デザインが気に入っています。コスパが最高。総合的には満足。,書籍,小説,2800,4,高評価
セールでハンドソープを注文しました。デザインが気に入っています。友人にも勧めたい。,日用品,ハンドソープ,2600,5,高評価
口コミを見て料理本を選びました。買ってよかった。リピート確定です。星5つです。,書籍,料理本,2700,4,高評価
初めてタオルを試しました。リピート確定です。値段の割に安っぽい。,日用品,タオル,2300,5,普通
口コミを見てスニーカーを選びました。写真と全然違う。初期不良でした。,衣料,スニーカー,6600,3,低評価
初めてマスクを試しました。音がうるさくて使えない。二度と買いません。また利用したいと思います。,日用品,マスク,2200,3,低評価
電気ケトルを家族用に買いました。すぐに壊れました。以上、参考になれば。,家電,電気ケトル,20800,6,低評価
レインコートを家族用に買いました。想像より軽くて扱いやすい。品質が良く長持ちしそう。また利用したいと思います。,衣料,レインコート,17700,3,高評価
セールで歯ブラシを注文しました。とても使いやすいです。星5つです。,日用品,歯ブラシ,2600,4,高評価
セールでダウンジャケットを注文しました。友人にも勧めたい。普通に使えます。以上、参考になれば。,衣料,ダウンジャケット,14000,2,高評価
セールでマスクを注文しました。家族にも好評。友人にも勧めたい。可もなく不可もなく。総合的には満足。,日用品,マスク,1600,3,高評価
セールでレトルトカレーを注文しました。説明と違う商品が届いた。,食品,レトルトカレー,500,6,低評価
初めて収納ボックスを試しました。普通に使えます。まだ数回しか使っていません。到着は予定どおりでした。以上、参考になれば。,日用品,収納ボックス,2400,6,普通
緑茶を家族用に買いました。友人にも勧めたい。とても使いやすいです。また利用したいと思います。,食品,緑茶,4000,6,高評価
セールでダウンジャケットを注文しました。到着は予定どおりでした。特に不満はありません。普通に使えます。また利用したいと思います。,衣料,ダウンジャケット,19300,3,普通
口コミを見て掃除機を選びました。説明書どおりの性能。値段相応だと思います。思ったより大きめでした。また利用したいと思います。,家電,掃除機,35000,5,普通
初めて小説を試しました。家族にも好評。リピート確定です。また利用したいと思います。,書籍,小説,3000,6,高評価
スニーカーのレビューです。毎日使っています。リピート確定です。特に不満はありません。星5つです。,衣料,スニーカー,2100,4,高評価
漫画を購入。想像より軽くて扱いやすい。梱包も丁寧で好印象。家族にも好評。,書籍,漫画,1400,1,高評価
スニーカーを家族用に買いました。すぐに壊れました。匂いが気になります。期待外れでがっかり。また利用したいと思います。,衣料,スニーカー,13000,5,低評価
掃除機のレビューです。初期不良でした。二度と買いません。,家電,掃除機,10900,4,低評価
オリーブオイルを購入。特に不満はありません。到着は予定どおりでした。3点。,食品,オリーブオイル,600,6,普通
口コミを見てコーヒー豆を選びました。毎日使っています。コスパが最高。とても使いやすいです。総合的には満足。,食品,コーヒー豆,700,6,高評価
ビジネス書のレビューです。毎日使っています。梱包も丁寧で好印象。初期不良でした。,書籍,ビジネス書,1700,1,高評価
セールでマスクを注文しました。デザインが気に入っています。家族にも好評。総合的には満足。,日用品,マスク,2200,6,高評価
口コミを見て炊飯器を選びました。到着は予定どおりでした。他と比べていないので分かりません。また利用したいと思います。,家電,炊飯器,33800,3,普通
収納ボックスのレビューです。期待以上でした。リピート確定です。コスパが最高。,日用品,収納ボックス,2000,2,高評価
初めてレトルトカレーを試しました。他と比べていないので分かりません。思ったより大きめでした。まだ数回しか使っていません。以上、参考になれば。,食品,レトルトカレー,3900,5,普通
料理本を購入。匂いが気になります。値段の割に安っぽい。サポートの対応が悪かった。1点。,書籍,料理本,3000,5,低評価
セールでオリーブオイルを注文しました。品質が良く長持ちしそう。とても使いやすいです。以上、参考になれば。,食品,オリーブオイル,2700,2,高評価
初めて参考書を試しました。可もなく不可もなく。以上、参考になれば。,書籍,参考書,2900,2,普通
スニーカーを購入。想像より軽くて扱いやすい。以上、参考になれば。,衣料,スニーカー,20000,5,高評価
口コミを見てパスタを選びました。想像より軽くて扱いやすい。家族にも好評。コスパが最高。4点。,食品,パスタ,700,1,高評価
口コミを見てドライヤーを選びました。写真と全然違う。説明書が分かりにくい。値段の割に安っぽい。品質が良く長持ちしそう。総合的には不満。,家電,ドライヤー,33100,3,低評価
口コミを見て歯ブラシを選びました。家族にも好評。コスパが最高。4点。,日用品,歯ブラシ,2900,3,高評価
口コミを見てチョコレートを選びました。すぐに壊れました。説明書が分かりにくい。説明書どおりの性能。総合的には不満。,食品,チョコレート,2600,5,低評価
チョコレートを家族用に買いました。二度と買いません。写真と全然違う。リピート確定です。総合的には不満。,食品,チョコレート,1100,5,低評価
セールでイヤホンを注文しました。音がうるさくて使えない。サポートの対応が悪かった。値段の割に安っぽい。また利用したいと思います。,家電,イヤホン,16300,2,低評価
イヤホンのレビューです。説明書が分かりにくい。色が写真と少し違いました。総合的には不満。,家電,イヤホン,12500,5,低評価
オリーブオイルを家族用に買いました。音がうるさくて使えない。期待外れでがっかり。写真と全然違う。1点。,食品,オリーブオイル,1700,6,低評価
初めて参考書を試しました。サポートの対応が悪かった。星2つです。,書籍,参考書,1600,3,低評価
オリーブオイルのレビューです。特に不満はありません。普通に使えます。また利用したいと思います。,食品,オリーブオイル,900,3,普通
レインコートのレビューです。サイズが合わず返品しました。星1つです。,衣料,レインコート,2500,2,低評価
口コミを見て小説を選びました。リピート確定です。想像より軽くて扱いやすい。,書籍,小説,3700,6,高評価
スニーカーのレビューです。毎日使っています。説明と違う商品が届いた。総合的には満足。,衣料,スニーカー,12300,2,高評価
初めてオリーブオイルを試しました。他と比べていないので分かりません。普通に使えます。以上、参考になれば。,食品,オリーブオイル,3800,3,普通
ダウンジャケットのレビューです。二度と買いません。初期不良でした。匂いが気になります。1点。,衣料,ダウンジャケット,12800,5,低評価
初めてコーヒー豆を試しました。想像より軽くて扱いやすい。また利用したいと思います。,食品,コーヒー豆,700,5,高評価
マスクを家族用に買いました。色が写真と少し違いました。特に不満はありません。値段相応だと思います。星3つです。,日用品,マスク,1200,5,普通
料理本を家族用に買いました。想像より軽くて扱いやすい。コスパが最高。デザインが気に入っています。可もなく不可もなく。,書籍,料理本,2200,2,高評価
セールで漫画を注文しました。リピート確定です。梱包も丁寧で好印象。デザインが気に入っています。5点。,書籍,漫画,3300,2,普通
レトルトカレーを購入。可もなく不可もなく。到着は予定どおりでした。4点。,食品,レトルトカレー,900,5,普通
口コミを見てリュックを選びました。想像より軽くて扱いやすい。他と比べていないので分かりません。5点。,衣料,リュック,15200,6,高評価
Tシャツのレビューです。説明書が分かりにくい。期待外れでがっかり。二度と買いません。星2つです。,衣料,Tシャツ,5800,3,低評価
初めて写真集を試しました。毎日使っています。デザインが気に入っています。以上、参考になれば。,書籍,写真集,800,4,高評価
セールでリュックを注文しました。リピート確定です。コスパが最高。家族にも好評。総合的には満足。,衣料,リュック,7200,1,高評価
掃除機のレビューです。リピート確定です。想像より軽くて扱いやすい。,家電,掃除機,38000,6,高評価
初めて歯ブラシを試しました。説明と違う商品が届いた。サポートの対応が悪かった。音がうるさくて使えない。色が写真と少し違いました。また利用したいと思います。,日用品,歯ブラシ,2700,6,低評価
セールで炊飯器を注文しました。とても使いやすいです。リピート確定です。以上、参考になれば。,家電,炊飯器,24500,2,高評価
初めてダウンジャケットを試しました。梱包も丁寧で好印象。とても使いやすいです。品質が良く長持ちしそう。星5つです。,衣料,ダウンジャケット,19600,4,高評価
空気清浄機を家族用に買いました。買ってよかった。説明書が分かりにくい。また利用したいと思います。,家電,空気清浄機,33800,1,高評価
炊飯器のレビューです。値段の割に安っぽい。初期不良でした。総合的には不満。,家電,炊飯器,10300,1,低評価
ビジネス書を購入。梱包も丁寧で好印象。家族にも好評。他と比べていないので分かりません。以上、参考になれば。,書籍,ビジネス書,1800,2,高評価
口コミを見て洗剤を選びました。サイズが合わず返品しました。二度と買いません。また利用したいと思います。,日用品,洗剤,1600,4,低評価
炊飯器のレビューです。品質が良く長持ちしそう。総合的には満足。,家電,炊飯器,8800,1,高評価
電気ケトルを家族用に買いました。サポートの対応が悪かった。音がうるさくて使えない。また利用したいと思います。,家電,電気ケトル,4700,2,低評価
セールでコーヒー豆を注文しました。コスパが最高。想像より軽くて扱いやすい。デザインが気に入っています。4点。,食品,コーヒー豆,3000,4,高評価
セールで小説を注文しました。友人にも勧めたい。コスパが最高。以上、参考になれば。,書籍,小説,2100,1,高評価
ビジネス書を購入。他と比べていないので分かりません。特に不満はありません。また利用したいと思います。,書籍,ビジネス書,2200,6,普通
口コミを見て掃除機を選びました。色が写真と少し違いました。可もなく不可もなく。説明と違う商品が届いた。また利用したいと思います。,家電,掃除機,17400,2,普通
初めてドライヤーを試しました。説明書どおりの性能。他と比べていないので分かりません。特に不満はありません。総合的にはまあまあ。,家電,ドライヤー,35100,5,普通
口コミを見てパスタを選びました。特に不満はありません。普通に使えます。星3つです。,食品,パスタ,2400,2,普通
口コミを見て参考書を選びました。二度と買いません。説明書が分かりにくい。総合的には不満。,書籍,参考書,1500,2,普通
マスクのレビューです。写真と全然違う。二度と買いません。星1つです。,日用品,マスク,1700,6,低評価
レインコートを購入。買ってよかった。家族にも好評。想像より軽くて扱いやすい。,衣料,レインコート,15900,6,高評価
口コミを見て緑茶を選びました。コスパが最高。総合的には満足。,食品,緑茶,1300,2,高評価
コーヒー豆のレビューです。普通に使えます。説明書どおりの性能。3点。,食品,コーヒー豆,1200,2,普通
参考書を家族用に買いました。音がうるさくて使えない。説明と違う商品が届いた。星1つです。,書籍,参考書,1500,4,低評価
炊飯器を購入。梱包も丁寧で好印象。品質が良く長持ちしそう。また利用したいと思います。,家電,炊飯器,27800,4,高評価
リュックのレビューです。品質が良く長持ちしそう。期待以上でした。毎日使っています。,衣料,リュック,8200,1,高評価
口コミを見て電気ケトルを選びました。匂いが気になります。期待外れでがっかり。総合的には不満。,家電,電気ケトル,34500,3,低評価
初めて緑茶を試しました。音がうるさくて使えない。すぐに壊れました。特に不満はありません。,食品,緑茶,2400,2,低評価
口コミを見てオリーブオイルを選びました。とても使いやすいです。期待以上でした。総合的には満足。,食品,オリーブオイル,700,3,高評価
イヤホンを家族用に買いました。家族にも好評。品質が良く長持ちしそう。とても使いやすいです。また利用したいと思います。,家電,イヤホン,18100,4,高評価
空気清浄機のレビューです。家族にも好評。想像より軽くて扱いやすい。星4つです。,家電,空気清浄機,6000,4,高評価
歯ブラシを家族用に買いました。可もなく不可もなく。,日用品,歯ブラシ,700,4,普通
セールでハンドソープを注文しました。家族にも好評。リピート確定です。まだ数回しか使っていません。,日用品,ハンドソープ,1900,2,高評価
口コミを見て参考書を選びました。毎日使っています。とても使いやすいです。想像より軽くて扱いやすい。星5つです。,書籍,参考書,4000,1,高評価
ビジネス書を家族用に買いました。他と比べていないので分かりません。色が写真と少し違いました。普通に使えます。総合的にはまあまあ。,書籍,ビジネス書,1100,1,普通
小説を購入。普通に使えます。,書籍,小説,800,1,普通
レトルトカレーのレビューです。説明書どおりの性能。思ったより大きめでした。特に不満はありません。総合的にはまあまあ。,食品,レトルトカレー,1200,2,普通
スニーカーを家族用に買いました。値段の割に安っぽい。説明と違う商品が届いた。すぐに壊れました。以上、参考になれば。,衣料,スニーカー,5600,6,低評価
歯ブラシを家族用に買いました。コスパが最高。デザインが気に入っています。以上、参考になれば。,日用品,歯ブラシ,2900,4,高評価
ダウンジャケットのレビューです。サポートの対応が悪かった。説明と違う商品が届いた。匂いが気になります。以上、参考になれば。,衣料,ダウンジャケット,11200,4,低評価
Tシャツのレビューです。梱包も丁寧で好印象。デザインが気に入っています。星4つです。,衣料,Tシャツ,19100,3,高評価
空気清浄機を購入。初期不良でした。写真と全然違う。2点。,家電,空気清浄機,24800,2,低評価
ドライヤーのレビューです。写真と全然違う。匂いが気になります。,家電,ドライヤー,23700,4,低評価
初めて料理本を試しました。匂いが気になります。期待以上でした。また利用したいと思います。,書籍,料理本,1200,6,低評価
収納ボックスを家族用に買いました。説明書が分かりにくい。匂いが気になります。説明と違う商品が届いた。総合的には不満。,日用品,収納ボックス,1700,1,低評価
Tシャツを購入。サイズが合わず返品しました。サポートの対応が悪かった。友人にも勧めたい。2点。,衣料,Tシャツ,7100,6,低評価
セールで炊飯器を注文しました。コスパが最高。,家電,炊飯器,9900,1,高評価
レトルトカレーを購入。期待以上でした。友人にも勧めたい。デザインが気に入っています。また利用したいと思います。,食品,レトルトカレー,1000,5,高評価
初めてTシャツを試しました。すぐに壊れました。以上、参考になれば。,衣料,Tシャツ,4300,2,低評価
ビジネス書のレビューです。家族にも好評。品質が良く長持ちしそう。以上、参考になれば。,書籍,ビジネス書,2400,4,高評価
セールでイヤホンを注文しました。毎日使っています。デザインが気に入っています。想像より軽くて扱いやすい。星5つです。,家電,イヤホン,31500,6,高評価
チョコレートのレビューです。すぐに壊れました。2点。,食品,チョコレート,1600,2,低評価
緑茶を購入。買ってよかった。デザインが気に入っています。友人にも勧めたい。二度と買いません。星5つです。,食品,緑茶,500,3,高評価
炊飯器を家族用に買いました。他と比べていないので分かりません。まだ数回しか使っていません。リピート確定です。総合的にはまあまあ。,家電,炊飯器,13400,4,普通
緑茶を購入。サイズが合わず返品しました。期待外れでがっかり。また利用したいと思います。,食品,緑茶,1500,1,低評価
パスタを家族用に買いました。コスパが最高。家族にも好評。星5つです。,食品,パスタ,2400,2,高評価
手袋を購入。品質が良く長持ちしそう。友人にも勧めたい。以上、参考になれば。,衣料,手袋,18000,5,低評価
緑茶を家族用に買いました。毎日使っています。説明と違う商品が届いた。以上、参考になれば。,食品,緑茶,500,5,高評価
口コミを見てビジネス書を選びました。値段相応だと思います。説明書どおりの性能。3点。,書籍,ビジネス書,1000,1,普通
セールでレインコートを注文しました。すぐに壊れました。匂いが気になります。以上、参考になれば。,衣料,レインコート,8800,5,低評価
リュックのレビューです。二度と買いません。写真と全然違う。以上、参考になれば。,衣料,リュック,7000,5,低評価
イヤホンを購入。想像より軽くて扱いやすい。品質が良く長持ちしそう。デザインが気に入っています。また利用したいと思います。,家電,イヤホン,36100,6,高評価
口コミを見てTシャツを選びました。サポートの対応が悪かった。サイズが合わず返品しました。以上、参考になれば。,衣料,Tシャツ,8700,4,低評価
ハンドソープを家族用に買いました。まだ数回しか使っていません。普通に使えます。値段相応だと思います。以上、参考になれば。,日用品,ハンドソープ,1000,6,普通
ダウンジャケットを家族用に買いました。特に不満はありません。説明書どおりの性能。他と比べていないので分かりません。,衣料,ダウンジャケット,11300,5,普通
口コミを見て料理本を選びました。可もなく不可もなく。また利用したいと思います。,書籍,料理本,1600,5,普通
緑茶のレビューです。家族にも好評。リピート確定です。特に不満はありません。5点。,食品,緑茶,3900,4,高評価
初めて空気清浄機を試しました。まだ数回しか使っていません。初期不良でした。また利用したいと思います。,家電,空気清浄機,21700,5,普通
口コミを見て収納ボックスを選びました。コスパが最高。梱包も丁寧で好印象。買ってよかった。5点。,日用品,収納ボックス,500,4,高評価
初めて手袋を試しました。説明と違う商品が届いた。また利用したいと思います。,衣料,手袋,13200,5,低評価
セールでイヤホンを注文しました。家族にも好評。また利用したいと思います。,家電,イヤホン,26500,1,高評価
セールで電気ケトルを注文しました。梱包も丁寧で好印象。また利用したいと思います。,家電,電気ケトル,5800,1,高評価
初めてレトルトカレーを試しました。期待以上でした。コスパが最高。想像より軽くて扱いやすい。総合的には満足。,食品,レトルトカレー,2400,6,高評価
ドライヤーを家族用に買いました。家族にも好評。想像より軽くて扱いやすい。以上、参考になれば。,家電,ドライヤー,36300,2,高評価
収納ボックスのレビューです。想像より軽くて扱いやすい。友人にも勧めたい。期待以上でした。総合的には満足。,日用品,収納ボックス,1000,2,高評価
写真集を購入。思ったより大きめでした。まだ数回しか使っていません。色が写真と少し違いました。説明書が分かりにくい。以上、参考になれば。,書籍,写真集,1800,6,普通
タオルを購入。普通に使えます。また利用したいと思います。,日用品,タオル,2800,6,普通
初めてマスクを試しました。二度と買いません。期待外れでがっかり。すぐに壊れました。総合的には不満。,日用品,マスク,2500,3,低評価
初めてハンドソープを試しました。説明書が分かりにくい。1点。,日用品,ハンドソープ,1000,2,低評価
チョコレートのレビューです。とても使いやすいです。期待以上でした。以上、参考になれば。,食品,チョコレート,2300,4,高評価
セールで炊飯器を注文しました。到着は予定どおりでした。色が写真と少し違いました。3点。,家電,炊飯器,32600,3,普通
セールでオリーブオイルを注文しました。普通に使えます。,食品,オリーブオイル,1600,4,普通
イヤホンのレビューです。到着は予定どおりでした。以上、参考になれば。,家電,イヤホン,7900,3,普通
口コミを見てドライヤーを選びました。期待外れでがっかり。匂いが気になります。写真と全然違う。また利用したいと思います。,家電,ドライヤー,18500,1,低評価
セールでチョコレートを注文しました。とても使いやすいです。品質が良く長持ちしそう。デザインが気に入っています。色が写真と少し違いました。また利用したいと思います。,食品,チョコレート,1800,1,高評価
掃除機を購入。写真と全然違う。初期不良でした。とても使いやすいです。また利用したいと思います。,家電,掃除機,23100,5,低評価
口コミを見てオリーブオイルを選びました。毎日使っています。期待以上でした。買ってよかった。説明と違う商品が届いた。4点。,食品,オリーブオイル,2600,4,普通
掃除機を家族用に買いました。写真と全然違う。1点。,家電,掃除機,13100,4,低評価
口コミを見て電気ケトルを選びました。値段相応だと思います。到着は予定どおりでした。品質が良く長持ちしそう。総合的にはまあまあ。,家電,電気ケトル,32800,6,普通
洗剤のレビューです。初期不良でした。期待外れでがっかり。二度と買いません。以上、参考になれば。,日用品,洗剤,500,5,低評価
初めてレインコートを試しました。梱包も丁寧で好印象。友人にも勧めたい。,衣料,レインコート,11700,2,高評価
初めてマスクを試しました。可もなく不可もなく。特に不満はありません。また利用したいと思います。,日用品,マスク,1700,1,普通
口コミを見て歯ブラシを選びました。すぐに壊れました。サイズが合わず返品しました。匂いが気になります。普通に使えます。以上、参考になれば。,日用品,歯ブラシ,900,2,低評価
セールでTシャツを注文しました。品質が良く長持ちしそう。初期不良でした。以上、参考になれば。,衣料,Tシャツ,6100,1,高評価
口コミを見てコーヒー豆を選びました。初期不良でした。説明書が分かりにくい。以上、参考になれば。,食品,コーヒー豆,2900,5,低評価
口コミを見て歯ブラシを選びました。品質が良く長持ちしそう。リピート確定です。星5つです。,日用品,歯ブラシ,1800,6,高評価
セールで空気清浄機を注文しました。想像より軽くて扱いやすい。コスパが最高。また利用したいと思います。,家電,空気清浄機,10000,5,高評価
ビジネス書のレビューです。写真と全然違う。星1つです。,書籍,ビジネス書,1300,6,低評価
リュックを家族用に買いました。匂いが気になります。サイズが合わず返品しました。写真と全然違う。特に不満はありません。以上、参考になれば。,衣料,リュック,15300,1,低評価
セールで料理本を注文しました。写真と全然違う。期待外れでがっかり。また利用したいと思います。,書籍,料理本,3100,4,低評価
セールでTシャツを注文しました。デザインが気に入っています。想像より軽くて扱いやすい。家族にも好評。以上、参考になれば。,衣料,Tシャツ,19100,3,高評価
Tシャツを購入。サポートの対応が悪かった。サイズが合わず返品しました。星1つです。,衣料,Tシャツ,17400,2,低評価
口コミを見て空気清浄機を選びました。友人にも勧めたい。家族にも好評。とても使いやすいです。,家電,空気清浄機,38400,6,高評価
セールで歯ブラシを注文しました。品質が良く長持ちしそう。コスパが最高。4点。,日用品,歯ブラシ,2400,1,高評価
漫画を家族用に買いました。家族にも好評。買ってよかった。,書籍,漫画,1000,6,高評価
Tシャツのレビューです。毎日使っています。家族にも好評。梱包も丁寧で好印象。以上、参考になれば。,衣料,Tシャツ,9900,5,高評価
ドライヤーのレビューです。とても使いやすいです。毎日使っています。品質が良く長持ちしそう。説明書が分かりにくい。星4つです。,家電,ドライヤー,25800,4,高評価
電気ケトルのレビューです。品質が良く長持ちしそう。毎日使っています。想像より軽くて扱いやすい。以上、参考になれば。,家電,電気ケトル,39500,3,高評価
口コミを見てTシャツを選びました。リピート確定です。とても使いやすいです。梱包も丁寧で好印象。サポートの対応が悪かった。星5つです。,衣料,Tシャツ,18800,4,高評価
小説を家族用に買いました。毎日使っています。梱包も丁寧で好印象。デザインが気に入っています。値段相応だと思います。星5つです。,書籍,小説,2000,2,高評価
セールで漫画を注文しました。写真と全然違う。すぐに壊れました。1点。,書籍,漫画,2400,6,低評価
口コミを見て緑茶を選びました。可もなく不可もなく。値段相応だと思います。毎日使っています。また利用したいと思います。,食品,緑茶,2600,4,普通
初めてスニーカーを試しました。値段の割に安っぽい。期待外れでがっかり。2点。,衣料,スニーカー,2500,5,低評価
手袋を購入。二度と買いません。とても使いやすいです。星1つです。,衣料,手袋,16600,3,低評価
写真集のレビューです。説明書が分かりにくい。音がうるさくて使えない。品質が良く長持ちしそう。1点。,書籍,写真集,3600,5,低評価
初めて電気ケトルを試しました。友人にも勧めたい。買ってよかった。デザインが気に入っています。以上、参考になれば。,家電,電気ケトル,22500,6,低評価
初めてパスタを試しました。すぐに壊れました。音がうるさくて使えない。説明と違う商品が届いた。星1つです。,食品,パスタ,2000,6,低評価
参考書を家族用に買いました。デザインが気に入っています。値段相応だと思います。以上、参考になれば。,書籍,参考書,3200,1,高評価
掃除機を購入。色が写真と少し違いました。,家電,掃除機,30900,2,普通
初めて炊飯器を試しました。音がうるさくて使えない。説明と違う商品が届いた。星2つです。,家電,炊飯器,34300,1,低評価
コーヒー豆のレビューです。リピート確定です。毎日使っています。総合的には満足。,食品,コーヒー豆,500,6,高評価
小説を購入。他と比べていないので分かりません。まだ数回しか使っていません。,書籍,小説,1100,3,普通
口コミを見てTシャツを選びました。サイズが合わず返品しました。匂いが気になります。値段相応だと思います。,衣料,Tシャツ,8300,1,低評価
タオルのレビューです。説明書どおりの性能。特に不満はありません。4点。,日用品,タオル,2900,3,普通
空気清浄機のレビューです。コスパが最高。買ってよかった。,家電,空気清浄機,35300,1,高評価
口コミを見て歯ブラシを選びました。初期不良でした。総合的には不満。,日用品,歯ブラシ,1300,2,低評価
初めてハンドソープを試しました。写真と全然違う。初期不良でした。期待外れでがっかり。総合的には不満。,日用品,ハンドソープ,2600,1,低評価
緑茶を購入。友人にも勧めたい。想像より軽くて扱いやすい。総合的には満足。,食品,緑茶,3000,6,高評価
セールで電気ケトルを注文しました。期待以上でした。,家電,電気ケトル,20100,1,高評価
口コミを見てパスタを選びました。可もなく不可もなく。普通に使えます。説明と違う商品が届いた。星2つです。,食品,パスタ,1900,3,高評価
ハンドソープを家族用に買いました。匂いが気になります。以上、参考になれば。,日用品,ハンドソープ,3000,4,低評価
炊飯器を購入。他と比べていないので分かりません。星2つです。,家電,炊飯器,8000,4,普通
初めてリュックを試しました。想像より軽くて扱いやすい。デザインが気に入っています。思ったより大きめでした。また利用したいと思います。,衣料,リュック,3700,4,高評価
レトルトカレーを購入。色が写真と少し違いました。梱包も丁寧で好印象。また利用したいと思います。,食品,レトルトカレー,800,3,普通
口コミを見てコーヒー豆を選びました。デザインが気に入っています。毎日使っています。総合的には満足。,食品,コーヒー豆,1800,6,高評価
口コミを見てリュックを選びました。期待以上でした。友人にも勧めたい。想像より軽くて扱いやすい。星5つです。,衣料,リュック,14700,2,高評価
Tシャツを購入。説明書が分かりにくい。写真と全然違う。期待以上でした。また利用したいと思います。,衣料,Tシャツ,13200,3,低評価
ハンドソープを購入。家族にも好評。特に不満はありません。また利用したいと思います。,日用品,ハンドソープ,3000,2,高評価
チョコレートを家族用に買いました。リピート確定です。買ってよかった。総合的には満足。,食品,チョコレート,600,1,高評価
緑茶を家族用に買いました。値段の割に安っぽい。写真と全然違う。サポートの対応が悪かった。以上、参考になれば。,食品,緑茶,2200,2,低評価
セールで料理本を注文しました。期待外れでがっかり。とても使いやすいです。以上、参考になれば。,書籍,料理本,2500,6,低評価
スニーカーを家族用に買いました。期待以上でした。また利用したいと思います。,衣料,スニーカー,9600,4,高評価
初めてチョコレートを試しました。説明書どおりの性能。色が写真と少し違いました。まだ数回しか使っていません。4点。,食品,チョコレート,2100,5,普通
初めてマスクを試しました。写真と全然違う。すぐに壊れました。初期不良でした。また利用したいと思います。,日用品,マスク,1700,1,低評価
緑茶を家族用に買いました。毎日使っています。二度と買いません。5点。,食品,緑茶,1800,4,高評価
口コミを見て参考書を選びました。到着は予定どおりでした。思ったより大きめでした。また利用したいと思います。,書籍,参考書,900,2,普通
セールでTシャツを注文しました。リピート確定です。想像より軽くて扱いやすい。買ってよかった。,衣料,Tシャツ,3600,5,高評価
炊飯器を購入。サポートの対応が悪かった。二度と買いません。写真と全然違う。,家電,炊飯器,15700,6,低評価
コーヒー豆を購入。とても使いやすいです。以上、参考になれば。,食品,コーヒー豆,2500,3,高評価
口コミを見て掃除機を選びました。とても使いやすいです。毎日使っています。総合的には満足。,家電,掃除機,20400,5,高評価
初めて炊飯器を試しました。二度と買いません。サイズが合わず返品しました。星1つです。,家電,炊飯器,6300,2,低評価
初めてビジネス書を試しました。初期不良でした。二度と買いません。梱包も丁寧で好印象。2点。,書籍,ビジネス書,2900,1,低評価
口コミを見てパスタを選びました。リピート確定です。買ってよかった。デザインが気に入っています。総合的には満足。,食品,パスタ,1500,6,高評価
歯ブラシのレビューです。リピート確定です。期待以上でした。梱包も丁寧で好印象。5点。,日用品,歯ブラシ,2300,1,普通
漫画を購入。思ったより大きめでした。色が写真と少し違いました。以上、参考になれば。,書籍,漫画,2400,5,普通
セールでチョコレートを注文しました。毎日使っています。家族にも好評。以上、参考になれば。,食品,チョコレート,1100,3,高評価
コーヒー豆を購入。期待外れでがっかり。説明と違う商品が届いた。値段の割に安っぽい。,食品,コーヒー豆,3200,1,低評価
掃除機のレビューです。コスパが最高。想像より軽くて扱いやすい。とても使いやすいです。また利用したいと思います。,家電,掃除機,11600,3,高評価
炊飯器を家族用に買いました。値段相応だと思います。到着は予定どおりでした。可もなく不可もなく。2点。,家電,炊飯器,33900,6,普通
パスタのレビューです。とても使いやすいです。想像より軽くて扱いやすい。また利用したいと思います。,食品,パスタ,1400,6,高評価
セールでマスクを注文しました。期待以上でした。毎日使っています。以上、参考になれば。,日用品,マスク,1300,3,高評価
初めて収納ボックスを試しました。家族にも好評。毎日使っています。,日用品,収納ボックス,2900,6,高評価
オリーブオイルを家族用に買いました。サポートの対応が悪かった。説明書が分かりにくい。以上、参考になれば。,食品,オリーブオイル,2600,2,低評価
初めてタオルを試しました。説明書が分かりにくい。サポートの対応が悪かった。すぐに壊れました。また利用したいと思います。,日用品,タオル,1400,3,低評価
初めて掃除機を試しました。梱包も丁寧で好印象。まだ数回しか使っていません。また利用したいと思います。,家電,掃除機,18800,3,高評価
ビジネス書を家族用に買いました。値段相応だと思います。思ったより大きめでした。色が写真と少し違いました。総合的にはまあまあ。,書籍,ビジネス書,1500,5,普通
セールで電気ケトルを注文しました。特に不満はありません。普通に使えます。以上、参考になれば。,家電,電気ケトル,21200,6,普通
ダウンジャケットのレビューです。とても使いやすいです。家族にも好評。買ってよかった。以上、参考になれば。,衣料,ダウンジャケット,11600,6,高評価
初めてビジネス書を試しました。すぐに壊れました。写真と全然違う。想像より軽くて扱いやすい。2点。,書籍,ビジネス書,3600,4,低評価
口コミを見て緑茶を選びました。可もなく不可もなく。まだ数回しか使っていません。他と比べていないので分かりません。すぐに壊れました。3点。,食品,緑茶,3900,2,普通
初めて緑茶を試しました。写真と全然違う。以上、参考になれば。,食品,緑茶,3600,5,低評価
ダウンジャケットを家族用に買いました。友人にも勧めたい。二度と買いません。5点。,衣料,ダウンジャケット,13100,6,高評価
初めてチョコレートを試しました。梱包も丁寧で好印象。また利用したいと思います。,食品,チョコレート,3600,4,高評価
口コミを見て写真集を選びました。買ってよかった。説明と違う商品が届いた。また利用したいと思います。,書籍,写真集,3300,4,高評価
写真集のレビューです。デザインが気に入っています。品質が良く長持ちしそう。想像より軽くて扱いやすい。総合的には満足。,書籍,写真集,800,2,高評価
マスクのレビューです。初期不良でした。写真と全然違う。また利用したいと思います。,日用品,マスク,1200,1,低評価
料理本のレビューです。値段の割に安っぽい。サイズが合わず返品しました。総合的には不満。,書籍,料理本,2400,5,低評価
セールで料理本を注文しました。とても使いやすいです。品質が良く長持ちしそう。総合的には満足。,書籍,料理本,900,2,高評価
口コミを見てイヤホンを選びました。サイズが合わず返品しました。家族にも好評。星2つです。,家電,イヤホン,10300,2,低評価
イヤホンを家族用に買いました。他と比べていないので分かりません。到着は予定どおりでした。値段相応だと思います。総合的にはまあまあ。,家電,イヤホン,4900,6,普通
初めてコーヒー豆を試しました。普通に使えます。説明書が分かりにくい。総合的にはまあまあ。,食品,コーヒー豆,3100,1,普通
オリーブオイルのレビューです。品質が良く長持ちしそう。以上、参考になれば。,食品,オリーブオイル,700,1,高評価
漫画を家族用に買いました。想像より軽くて扱いやすい。コスパが最高。,書籍,漫画,800,6,高評価
ビジネス書のレビューです。二度と買いません。説明書が分かりにくい。他と比べていないので分かりません。2点。,書籍,ビジネス書,2100,5,低評価
空気清浄機のレビューです。色が写真と少し違いました。可もなく不可もなく。また利用したいと思います。,家電,空気清浄機,17000,1,普通
参考書のレビューです。サポートの対応が悪かった。二度と買いません。すぐに壊れました。とても使いやすいです。また利用したいと思います。,書籍,参考書,3100,4,低評価
口コミを見てタオルを選びました。リピート確定です。品質が良く長持ちしそう。初期不良でした。総合的には満足。,日用品,タオル,600,3,高評価
空気清浄機のレビューです。写真と全然違う。期待外れでがっかり。匂いが気になります。星1つです。,家電,空気清浄機,25700,1,低評価
口コミを見てチョコレートを選びました。値段相応だと思います。可もなく不可もなく。説明書どおりの性能。星3つです。,食品,チョコレート,1600,2,普通
チョコレートのレビューです。サイズが合わず返品しました。総合的には不満。,食品,チョコレート,2900,4,低評価
Tシャツを家族用に買いました。他と比べていないので分かりません。まだ数回しか使っていません。思ったより大きめでした。以上、参考になれば。,衣料,Tシャツ,10100,2,普通
リュックを購入。到着は予定どおりでした。説明書どおりの性能。初期不良でした。総合的にはまあまあ。,衣料,リュック,14700,4,普通
口コミを見て写真集を選びました。品質が良く長持ちしそう。可もなく不可もなく。,書籍,写真集,1900,5,高評価
レトルトカレーのレビューです。買ってよかった。梱包も丁寧で好印象。とても使いやすいです。以上、参考になれば。,食品,レトルトカレー,1200,1,高評価
パスタのレビューです。特に不満はありません。可もなく不可もなく。到着は予定どおりでした。,食品,パスタ,3700,2,高評価
初めてコーヒー豆を試しました。リピート確定です。また利用したいと思います。,食品,コーヒー豆,600,6,高評価
ハンドソープのレビューです。友人にも勧めたい。期待以上でした。,日用品,ハンドソープ,1400,3,高評価
初めてハンドソープを試しました。コスパが最高。普通に使えます。また利用したいと思います。,日用品,ハンドソープ,2700,2,高評価
セールでコーヒー豆を注文しました。買ってよかった。とても使いやすいです。また利用したいと思います。,食品,コーヒー豆,1900,2,高評価
口コミを見て空気清浄機を選びました。説明と違う商品が届いた。星1つです。,家電,空気清浄機,24600,2,低評価
レトルトカレーを購入。毎日使っています。,食品,レトルトカレー,1500,1,高評価
セールで洗剤を注文しました。毎日使っています。買ってよかった。想像より軽くて扱いやすい。,日用品,洗剤,1000,6,高評価
セールでスニーカーを注文しました。想像より軽くて扱いやすい。,衣料,スニーカー,2900,4,高評価
口コミを見て炊飯器を選びました。想像より軽くて扱いやすい。説明書が分かりにくい。また利用したいと思います。,家電,炊飯器,15900,4,高評価
洗剤を家族用に買いました。期待外れでがっかり。写真と全然違う。普通に使えます。以上、参考になれば。,日用品,洗剤,2800,2,低評価
セールで炊飯器を注文しました。可もなく不可もなく。説明書どおりの性能。普通に使えます。2点。,家電,炊飯器,25400,6,普通
口コミを見てダウンジャケットを選びました。可もなく不可もなく。2点。,衣料,ダウンジャケット,11000,5,普通
口コミを見てマスクを選びました。値段の割に安っぽい。説明書が分かりにくい。初期不良でした。総合的には不満。,日用品,マスク,1400,6,低評価
小説のレビューです。他と比べていないので分かりません。普通に使えます。サイズが合わず返品しました。また利用したいと思います。,書籍,小説,2600,6,普通
セールでドライヤーを注文しました。まだ数回しか使っていません。思ったより大きめでした。説明書どおりの性能。,家電,ドライヤー,36400,6,普通
マスクを購入。リピート確定です。また利用したいと思います。,日用品,マスク,2400,4,高評価
口コミを見てイヤホンを選びました。期待外れでがっかり。値段の割に安っぽい。説明と違う商品が届いた。1点。,家電,イヤホン,20300,3,低評価
パスタを購入。品質が良く長持ちしそう。5点。,食品,パスタ,3200,3,高評価
初めてビジネス書を試しました。デザインが気に入っています。想像より軽くて扱いやすい。また利用したいと思います。,書籍,ビジネス書,3100,3,高評価
タオルを購入。まだ数回しか使っていません。到着は予定どおりでした。特に不満はありません。3点。,日用品,タオル,1000,5,普通
ハンドソープを購入。値段相応だと思います。色が写真と少し違いました。思ったより大きめでした。デザインが気に入っています。2点。,日用品,ハンドソープ,1500,5,普通
チョコレートを購入。色が写真と少し違いました。可もなく不可もなく。到着は予定どおりでした。星2つです。,食品,チョコレート,2900,4,普通
セールで参考書を注文しました。リピート確定です。また利用したいと思います。,書籍,参考書,1300,1,高評価
リュックのレビューです。説明書どおりの性能。色が写真と少し違いました。以上、参考になれば。,衣料,リュック,9400,4,普通
セールで収納ボックスを注文しました。到着は予定どおりでした。可もなく不可もなく。色が写真と少し違いました。,日用品,収納ボックス,700,4,普通
初めてドライヤーを試しました。コスパが最高。総合的には満足。,家電,ドライヤー,14900,3,高評価
掃除機のレビューです。友人にも勧めたい。家族にも好評。5点。,家電,掃除機,6400,5,高評価
初めてパスタを試しました。色が写真と少し違いました。,食品,パスタ,1200,2,普通
初めて写真集を試しました。音がうるさくて使えない。説明書が分かりにくい。値段の割に安っぽい。また利用したいと思います。,書籍,写真集,1400,5,低評価
空気清浄機を購入。写真と全然違う。期待外れでがっかり。サイズが合わず返品しました。星2つです。,家電,空気清浄機,34600,2,低評価
口コミを見てレトルトカレーを選びました。初期不良でした。すぐに壊れました。値段相応だと思います。星2つです。,食品,レトルトカレー,1500,6,低評価
セールで炊飯器を注文しました。初期不良でした。サイズが合わず返品しました。2点。,家電,炊飯器,18700,2,低評価
口コミを見て手袋を選びました。思ったより大きめでした。まだ数回しか使っていません。以上、参考になれば。,衣料,手袋,9800,1,普通
口コミを見てチョコレートを選びました。値段の割に安っぽい。サポートの対応が悪かった。,食品,チョコレート,3000,6,低評価
口コミを見てダウンジャケットを選びました。他と比べていないので分かりません。,衣料,ダウンジャケット,4400,6,普通
電気ケトルを家族用に買いました。梱包も丁寧で好印象。買ってよかった。品質が良く長持ちしそう。以上、参考になれば。,家電,電気ケトル,31200,1,高評価
リュックのレビューです。毎日使っています。家族にも好評。買ってよかった。4点。,衣料,リュック,13100,1,高評価
口コミを見てパスタを選びました。普通に使えます。以上、参考になれば。,食品,パスタ,1100,5,低評価
空気清浄機を購入。友人にも勧めたい。梱包も丁寧で好印象。説明書どおりの性能。,家電,空気清浄機,11000,5,高評価
炊飯器を家族用に買いました。リピート確定です。総合的には満足。,家電,炊飯器,3000,6,高評価
初めてスニーカーを試しました。説明と違う商品が届いた。星2つです。,衣料,スニーカー,2900,4,低評価
初めて参考書を試しました。とても使いやすいです。梱包も丁寧で好印象。以上、参考になれば。,書籍,参考書,3400,4,高評価
口コミを見てパスタを選びました。デザインが気に入っています。総合的には満足。,食品,パスタ,500,2,高評価
初めてダウンジャケットを試しました。写真と全然違う。説明書が分かりにくい。,衣料,ダウンジャケット,11700,5,低評価
セールで小説を注文しました。期待以上でした。以上、参考になれば。,書籍,小説,1200,3,高評価
イヤホンを購入。期待外れでがっかり。初期不良でした。二度と買いません。以上、参考になれば。,家電,イヤホン,26700,2,低評価
ダウンジャケットのレビューです。毎日使っています。家族にも好評。友人にも勧めたい。星5つです。,衣料,ダウンジャケット,7100,5,高評価
収納ボックスを購入。コスパが最高。家族にも好評。毎日使っています。また利用したいと思います。,日用品,収納ボックス,2200,4,高評価
セールで掃除機を注文しました。二度と買いません。1点。,家電,掃除機,27200,6,低評価
掃除機のレビューです。色が写真と少し違いました。値段相応だと思います。普通に使えます。2点。,家電,掃除機,19000,1,普通
掃除機を家族用に買いました。毎日使っています。買ってよかった。梱包も丁寧で好印象。以上、参考になれば。,家電,掃除機,25300,3,高評価
セールでビジネス書を注文しました。デザインが気に入っています。品質が良く長持ちしそう。買ってよかった。総合的には満足。,書籍,ビジネス書,2300,4,高評価
セールでハンドソープを注文しました。サポートの対応が悪かった。,日用品,ハンドソープ,1100,2,低評価
ドライヤーを家族用に買いました。普通に使えます。また利用したいと思います。,家電,ドライヤー,23000,5,普通
レインコートを購入。コスパが最高。想像より軽くて扱いやすい。5点。,衣料,レインコート,16200,3,高評価
リュックのレビューです。品質が良く長持ちしそう。コスパが最高。想像より軽くて扱いやすい。以上、参考になれば。,衣料,リュック,4600,5,高評価
レトルトカレーを家族用に買いました。サイズが合わず返品しました。説明と違う商品が届いた。また利用したいと思います。,食品,レトルトカレー,500,1,低評価
初めてチョコレートを試しました。梱包も丁寧で好印象。初期不良でした。総合的には満足。,食品,チョコレート,800,1,高評価
セールでビジネス書を注文しました。思ったより大きめでした。色が写真と少し違いました。普通に使えます。また利用したいと思います。,書籍,ビジネス書,2900,2,普通
セールでハンドソープを注文しました。色が写真と少し違いました。,日用品,ハンドソープ,2400,4,普通
リュックを家族用に買いました。説明書どおりの性能。値段相応だと思います。普通に使えます。3点。,衣料,リュック,10500,1,普通
初めてコーヒー豆を試しました。とても使いやすいです。以上、参考になれば。,食品,コーヒー豆,3100,2,高評価
収納ボックスを購入。他と比べていないので分かりません。特に不満はありません。以上、参考になれば。,日用品,収納ボックス,1000,4,高評価
セールで手袋を注文しました。値段相応だと思います。他と比べていないので分かりません。また利用したいと思います。,衣料,手袋,15800,1,普通
手袋のレビューです。家族にも好評。想像より軽くて扱いやすい。梱包も丁寧で好印象。サイズが合わず返品しました。総合的には満足。,衣料,手袋,14100,4,高評価
口コミを見てスニーカーを選びました。梱包も丁寧で好印象。期待以上でした。品質が良く長持ちしそう。星4つです。,衣料,スニーカー,18200,4,高評価
セールでマスクを注文しました。写真と全然違う。,日用品,マスク,2700,2,低評価
タオルのレビューです。写真と全然違う。2点。,日用品,タオル,1700,2,低評価
ダウンジャケットを家族用に買いました。匂いが気になります。すぐに壊れました。星1つです。,衣料,ダウンジャケット,3600,2,低評価
ダウンジャケットを購入。写真と全然違う。すぐに壊れました。初期不良でした。1点。,衣料,ダウンジャケット,2000,3,低評価
炊飯器を家族用に買いました。サポートの対応が悪かった。匂いが気になります。期待外れでがっかり。,家電,炊飯器,32000,3,低評価
口コミを見てオリーブオイルを選びました。値段相応だと思います。すぐに壊れました。総合的にはまあまあ。,食品,オリーブオイル,3400,1,普通
歯ブラシを家族用に買いました。音がうるさくて使えない。とても使いやすいです。1点。,日用品,歯ブラシ,3000,4,低評価
タオルを家族用に買いました。毎日使っています。品質が良く長持ちしそう。また利用したいと思います。,日用品,タオル,1600,2,高評価
Tシャツを購入。友人にも勧めたい。星5つです。,衣料,Tシャツ,13300,3,高評価
セールでスニーカーを注文しました。友人にも勧めたい。コスパが最高。想像より軽くて扱いやすい。また利用したいと思います。,衣料,スニーカー,18200,6,高評価
初めてレトルトカレーを試しました。リピート確定です。以上、参考になれば。,食品,レトルトカレー,1300,4,高評価
口コミを見てドライヤーを選びました。匂いが気になります。音がうるさくて使えない。1点。,家電,ドライヤー,38700,2,低評価
Tシャツのレビューです。思ったより大きめでした。他と比べていないので分かりません。説明書どおりの性能。星3つです。,衣料,Tシャツ,12500,6,普通
口コミを見てオリーブオイルを選びました。サポートの対応が悪かった。写真と全然違う。二度と買いません。また利用したいと思います。,食品,オリーブオイル,3600,2,低評価
ドライヤーを購入。買ってよかった。値段の割に安っぽい。星5つです。,家電,ドライヤー,6300,5,高評価
口コミを見て収納ボックスを選びました。品質が良く長持ちしそう。友人にも勧めたい。家族にも好評。値段相応だと思います。また利用したいと思います。,日用品,収納ボックス,1400,4,高評価
オリーブオイルを購入。写真と全然違う。匂いが気になります。2点。,食品,オリーブオイル,2800,1,低評価
初めて料理本を試しました。品質が良く長持ちしそう。期待以上でした。友人にも勧めたい。5点。,書籍,料理本,3000,4,高評価
口コミを見て料理本を選びました。説明と違う商品が届いた。すぐに壊れました。総合的には不満。,書籍,料理本,2100,1,低評価
初めてダウンジャケットを試しました。毎日使っています。,衣料,ダウンジャケット,15600,6,高評価
レトルトカレーを家族用に買いました。とても使いやすいです。5点。,食品,レトルトカレー,2300,3,高評価
セールでハンドソープを注文しました。デザインが気に入っています。リピート確定です。想像より軽くて扱いやすい。5点。,日用品,ハンドソープ,2800,1,高評価
収納ボックスを購入。コスパが最高。買ってよかった。以上、参考になれば。,日用品,収納ボックス,1100,3,高評価
初めて写真集を試しました。すぐに壊れました。匂いが気になります。二度と買いません。総合的には不満。,書籍,写真集,1400,2,低評価
セールでコーヒー豆を注文しました。買ってよかった。コスパが最高。想像より軽くて扱いやすい。,食品,コーヒー豆,1700,4,高評価
コーヒー豆のレビューです。説明と違う商品が届いた。以上、参考になれば。,食品,コーヒー豆,1100,2,低評価
セールでタオルを注文しました。思ったより大きめでした。値段相応だと思います。星2つです。,日用品,タオル,900,1,普通
口コミを見て手袋を選びました。品質が良く長持ちしそう。,衣料,手袋,4000,5,高評価
ドライヤーを購入。値段の割に安っぽい。写真と全然違う。2点。,家電,ドライヤー,28000,4,低評価
パスタのレビューです。説明と違う商品が届いた。サポートの対応が悪かった。すぐに壊れました。,食品,パスタ,2200,3,低評価
チョコレートを購入。音がうるさくて使えない。写真と全然違う。期待外れでがっかり。普通に使えます。また利用したいと思います。,食品,チョコレート,800,6,低評価
セールで電気ケトルを注文しました。思ったより大きめでした。普通に使えます。期待外れでがっかり。星2つです。,家電,電気ケトル,15200,5,普通
初めて写真集を試しました。買ってよかった。コスパが最高。期待以上でした。説明書どおりの性能。4点。,書籍,写真集,2100,3,高評価
オリーブオイルを購入。思ったより大きめでした。到着は予定どおりでした。普通に使えます。品質が良く長持ちしそう。星3つです。,食品,オリーブオイル,2600,6,普通
セールでイヤホンを注文しました。デザインが気に入っています。また利用したいと思います。,家電,イヤホン,35100,3,高評価
セールで参考書を注文しました。品質が良く長持ちしそう。リピート確定です。,書籍,参考書,1900,3,高評価
セールで炊飯器を注文しました。特に不満はありません。星2つです。,家電,炊飯器,15000,1,普通
オリーブオイルを購入。説明と違う商品が届いた。匂いが気になります。また利用したいと思います。,食品,オリーブオイル,900,5,低評価
コーヒー豆を家族用に買いました。他と比べていないので分かりません。また利用したいと思います。,食品,コーヒー豆,1800,2,普通
料理本のレビューです。説明と違う商品が届いた。匂いが気になります。初期不良でした。他と比べていないので分かりません。総合的には不満。,書籍,料理本,2100,3,低評価
セールで写真集を注文しました。リピート確定です。毎日使っています。梱包も丁寧で好印象。,書籍,写真集,2000,2,高評価
初めてタオルを試しました。家族にも好評。デザインが気に入っています。,日用品,タオル,1900,3,高評価
オリーブオイルを家族用に買いました。写真と全然違う。値段の割に安っぽい。,食品,オリーブオイル,3900,3,低評価
セールで炊飯器を注文しました。想像より軽くて扱いやすい。デザインが気に入っています。,家電,炊飯器,38600,1,高評価
緑茶のレビューです。とても使いやすいです。友人にも勧めたい。梱包も丁寧で好印象。総合的には満足。,食品,緑茶,700,1,高評価
セールで手袋を注文しました。サイズが合わず返品しました。説明と違う商品が届いた。音がうるさくて使えない。総合的には不満。,衣料,手袋,3100,3,低評価
小説のレビューです。可もなく不可もなく。まだ数回しか使っていません。星4つです。,書籍,小説,3100,4,普通
緑茶を購入。初期不良でした。値段の割に安っぽい。値段相応だと思います。以上、参考になれば。,食品,緑茶,1600,6,低評価
初めて空気清浄機を試しました。普通に使えます。色が写真と少し違いました。3点。,家電,空気清浄機,25800,5,普通
ハンドソープのレビューです。とても使いやすいです。想像より軽くて扱いやすい。,日用品,ハンドソープ,2100,3,高評価
口コミを見て歯ブラシを選びました。とても使いやすいです。サイズが合わず返品しました。総合的には満足。,日用品,歯ブラシ,1400,4,高評価
セールで手袋を注文しました。サイズが合わず返品しました。匂いが気になります。,衣料,手袋,19500,5,低評価
料理本を家族用に買いました。とても使いやすいです。,書籍,料理本,2600,5,高評価
チョコレートを購入。説明と違う商品が届いた。期待外れでがっかり。音がうるさくて使えない。友人にも勧めたい。1点。,食品,チョコレート,2000,2,低評価
セールで緑茶を注文しました。初期不良でした。二度と買いません。値段の割に安っぽい。総合的には不満。,食品,緑茶,3600,2,低評価
参考書のレビューです。友人にも勧めたい。想像より軽くて扱いやすい。品質が良く長持ちしそう。4点。,書籍,参考書,3100,1,高評価
口コミを見てスニーカーを選びました。説明と違う商品が届いた。写真と全然違う。また利用したいと思います。,衣料,スニーカー,15700,5,低評価
写真集を家族用に買いました。買ってよかった。家族にも好評。とても使いやすいです。以上、参考になれば。,書籍,写真集,2300,1,高評価
口コミを見てTシャツを選びました。想像より軽くて扱いやすい。総合的には満足。,衣料,Tシャツ,13600,4,高評価
セールで掃除機を注文しました。説明書どおりの性能。普通に使えます。特に不満はありません。総合的にはまあまあ。,家電,掃除機,34200,4,普通
ビジネス書のレビューです。匂いが気になります。写真と全然違う。星1つです。,書籍,ビジネス書,2200,1,低評価
ドライヤーのレビューです。想像より軽くて扱いやすい。リピート確定です。総合的には満足。,家電,ドライヤー,38600,6,高評価
セールでレインコートを注文しました。品質が良く長持ちしそう。星5つです。,衣料,レインコート,16100,3,高評価
空気清浄機を家族用に買いました。値段相応だと思います。普通に使えます。2点。,家電,空気清浄機,39600,6,普通
手袋のレビューです。二度と買いません。初期不良でした。以上、参考になれば。,衣料,手袋,13200,4,低評価
口コミを見て料理本を選びました。友人にも勧めたい。普通に使えます。,書籍,料理本,3100,1,高評価
Tシャツを家族用に買いました。とても使いやすいです。デザインが気に入っています。買ってよかった。5点。,衣料,Tシャツ,4800,4,高評価
チョコレートを購入。説明書どおりの性能。,食品,チョコレート,1100,6,普通
初めてパスタを試しました。説明と違う商品が届いた。,食品,パスタ,3200,1,低評価
初めて写真集を試しました。買ってよかった。梱包も丁寧で好印象。,書籍,写真集,1700,3,高評価
初めて洗剤を試しました。デザインが気に入っています。説明書が分かりにくい。星5つです。,日用品,洗剤,1900,6,低評価
セールでオリーブオイルを注文しました。二度と買いません。匂いが気になります。2点。,食品,オリーブオイル,2000,1,普通
初めて漫画を試しました。すぐに壊れました。総合的には不満。,書籍,漫画,1000,6,低評価
Tシャツを購入。思ったより大きめでした。特に不満はありません。可もなく不可もなく。また利用したいと思います。,衣料,Tシャツ,4800,1,普通
ドライヤーを家族用に買いました。想像より軽くて扱いやすい。星5つです。,家電,ドライヤー,38100,5,高評価
初めて小説を試しました。説明書が分かりにくい。すぐに壊れました。説明と違う商品が届いた。買ってよかった。星1つです。,書籍,小説,4000,4,低評価
初めてパスタを試しました。買ってよかった。,食品,パスタ,2400,4,高評価
口コミを見て参考書を選びました。とても使いやすいです。星4つです。,書籍,参考書,1600,5,高評価
初めて小説を試しました。他と比べていないので分かりません。まだ数回しか使っていません。4点。,書籍,小説,1100,2,普通
小説を購入。到着は予定どおりでした。色が写真と少し違いました。説明書どおりの性能。3点。,書籍,小説,1800,1,普通
初めて料理本を試しました。デザインが気に入っています。説明書が分かりにくい。総合的には満足。,書籍,料理本,900,3,高評価
参考書を購入。まだ数回しか使っていません。値段相応だと思います。思ったより大きめでした。以上、参考になれば。,書籍,参考書,2800,5,普通
パスタを購入。色が写真と少し違いました。値段相応だと思います。4点。,食品,パスタ,2700,2,普通
歯ブラシを家族用に買いました。他と比べていないので分かりません。まだ数回しか使っていません。可もなく不可もなく。2点。,日用品,歯ブラシ,700,6,普通
口コミを見てチョコレートを選びました。まだ数回しか使っていません。家族にも好評。総合的にはまあまあ。,食品,チョコレート,1000,5,高評価
初めて写真集を試しました。匂いが気になります。色が写真と少し違いました。以上、参考になれば。,書籍,写真集,1800,5,低評価
初めてドライヤーを試しました。期待外れでがっかり。1点。,家電,ドライヤー,39300,6,低評価
初めて歯ブラシを試しました。写真と全然違う。説明書が分かりにくい。総合的には不満。,日用品,歯ブラシ,2300,3,低評価
初めて洗剤を試しました。値段相応だと思います。以上、参考になれば。,日用品,洗剤,1300,6,普通
ビジネス書のレビューです。期待外れでがっかり。匂いが気になります。星1つです。,書籍,ビジネス書,2200,4,低評価
緑茶を購入。想像より軽くて扱いやすい。期待以上でした。梱包も丁寧で好印象。,食品,緑茶,3900,3,高評価
初めて歯ブラシを試しました。他と比べていないので分かりません。色が写真と少し違いました。総合的にはまあまあ。,日用品,歯ブラシ,2600,4,普通
電気ケトルを家族用に買いました。可もなく不可もなく。値段相応だと思います。色が写真と少し違いました。また利用したいと思います。,家電,電気ケトル,7000,2,普通
初めて炊飯器を試しました。到着は予定どおりでした。総合的にはまあまあ。,家電,炊飯器,26900,6,普通
緑茶を家族用に買いました。説明と違う商品が届いた。サイズが合わず返品しました。2点。,食品,緑茶,1300,1,低評価
オリーブオイルを購入。匂いが気になります。サイズが合わず返品しました。説明書が分かりにくい。1点。,食品,オリーブオイル,2100,1,低評価
オリーブオイルを家族用に買いました。思ったより大きめでした。値段の割に安っぽい。2点。,食品,オリーブオイル,3000,1,普通
ダウンジャケットのレビューです。買ってよかった。説明と違う商品が届いた。総合的には満足。,衣料,ダウンジャケット,15200,1,高評価
セールでレインコートを注文しました。説明と違う商品が届いた。匂いが気になります。星1つです。,衣料,レインコート,18200,3,低評価
イヤホンを家族用に買いました。音がうるさくて使えない。初期不良でした。星2つです。,家電,イヤホン,34200,1,低評価
レトルトカレーのレビューです。値段相応だと思います。音がうるさくて使えない。3点。,食品,レトルトカレー,3100,2,普通
初めてパスタを試しました。とても使いやすいです。リピート確定です。友人にも勧めたい。星5つです。,食品,パスタ,2000,3,高評価
口コミを見てリュックを選びました。他と比べていないので分かりません。普通に使えます。特に不満はありません。2点。,衣料,リュック,10000,4,普通
セールでドライヤーを注文しました。想像より軽くて扱いやすい。他と比べていないので分かりません。総合的には満足。,家電,ドライヤー,9900,5,高評価
初めてビジネス書を試しました。リピート確定です。品質が良く長持ちしそう。梱包も丁寧で好印象。総合的には満足。,書籍,ビジネス書,1400,5,高評価
洗剤のレビューです。梱包も丁寧で好印象。デザインが気に入っています。友人にも勧めたい。総合的には満足。,日用品,洗剤,1700,3,高評価
タオルを購入。想像より軽くて扱いやすい。また利用したいと思います。,日用品,タオル,2500,5,高評価
口コミを見て掃除機を選びました。期待以上でした。梱包も丁寧で好印象。コスパが最高。値段相応だと思います。,家電,掃除機,7400,2,高評価
漫画のレビューです。とても使いやすいです。以上、参考になれば。,書籍,漫画,1700,6,高評価
初めてイヤホンを試しました。期待外れでがっかり。星1つです。,家電,イヤホン,19400,3,低評価
マスクのレビューです。デザインが気に入っています。5点。,日用品,マスク,1200,1,高評価
口コミを見て歯ブラシを選びました。説明書が分かりにくい。サイズが合わず返品しました。デザインが気に入っています。以上、参考になれば。,日用品,歯ブラシ,2800,2,低評価
イヤホンを家族用に買いました。可もなく不可もなく。到着は予定どおりでした。値段相応だと思います。また利用したいと思います。,家電,イヤホン,31200,1,低評価
口コミを見てタオルを選びました。可もなく不可もなく。,日用品,タオル,2900,4,普通
セールで収納ボックスを注文しました。可もなく不可もなく。思ったより大きめでした。他と比べていないので分かりません。星3つです。,日用品,収納ボックス,2000,2,普通
セールでドライヤーを注文しました。毎日使っています。品質が良く長持ちしそう。リピート確定です。総合的には満足。,家電,ドライヤー,6800,3,高評価
セールで洗剤を注文しました。音がうるさくて使えない。説明と違う商品が届いた。写真と全然違う。以上、参考になれば。,日用品,洗剤,1300,5,低評価
口コミを見てビジネス書を選びました。説明書どおりの性能。3点。,書籍,ビジネス書,1800,3,普通
レトルトカレーを家族用に買いました。値段の割に安っぽい。説明書が分かりにくい。サポートの対応が悪かった。値段相応だと思います。総合的には不満。,食品,レトルトカレー,3900,6,低評価
初めて空気清浄機を試しました。二度と買いません。匂いが気になります。以上、参考になれば。,家電,空気清浄機,26500,2,低評価
緑茶のレビューです。他と比べていないので分かりません。特に不満はありません。毎日使っています。また利用したいと思います。,食品,緑茶,3400,5,普通
セールで洗剤を注文しました。写真と全然違う。まだ数回しか使っていません。,日用品,洗剤,1200,5,低評価
ドライヤーのレビューです。二度と買いません。説明書が分かりにくい。以上、参考になれば。,家電,ドライヤー,21100,2,低評価
口コミを見てタオルを選びました。説明書どおりの性能。まだ数回しか使っていません。色が写真と少し違いました。,日用品,タオル,500,5,普通
セールで参考書を注文しました。値段の割に安っぽい。匂いが気になります。とても使いやすいです。総合的には不満。,書籍,参考書,1600,5,低評価
セールでレトルトカレーを注文しました。期待外れでがっかり。二度と買いません。買ってよかった。以上、参考になれば。,食品,レトルトカレー,3200,4,低評価
タオルを購入。梱包も丁寧で好印象。毎日使っています。5点。,日用品,タオル,2000,4,高評価
口コミを見て漫画を選びました。想像より軽くて扱いやすい。4点。,書籍,漫画,3900,5,高評価
セールでTシャツを注文しました。写真と全然違う。サポートの対応が悪かった。家族にも好評。1点。,衣料,Tシャツ,3300,2,低評価
緑茶を家族用に買いました。特に不満はありません。普通に使えます。想像より軽くて扱いやすい。星2つです。,食品,緑茶,3600,4,普通
初めて炊飯器を試しました。梱包も丁寧で好印象。4点。,家電,炊飯器,22900,3,高評価
初めて手袋を試しました。想像より軽くて扱いやすい。梱包も丁寧で好印象。星5つです。,衣料,手袋,15500,5,高評価
参考書を購入。二度と買いません。説明書が分かりにくい。1点。,書籍,参考書,1300,2,低評価
初めて炊飯器を試しました。家族にも好評。梱包も丁寧で好印象。期待以上でした。また利用したいと思います。,家電,炊飯器,12500,4,高評価
口コミを見て空気清浄機を選びました。値段相応だと思います。到着は予定どおりでした。また利用したいと思います。,家電,空気清浄機,13300,5,普通
初めて漫画を試しました。リピート確定です。デザインが気に入っています。また利用したいと思います。,書籍,漫画,3900,2,高評価
収納ボックスを家族用に買いました。期待外れでがっかり。音がうるさくて使えない。星1つです。,日用品,収納ボックス,400,3,低評価
パスタのレビューです。想像より軽くて扱いやすい。買ってよかった。星4つです。,食品,パスタ,1000,6,高評価
セールで小説を注文しました。サポートの対応が悪かった。期待外れでがっかり。二度と買いません。とても使いやすいです。また利用したいと思います。,書籍,小説,2500,4,低評価
口コミを見て歯ブラシを選びました。友人にも勧めたい。コスパが最高。毎日使っています。,日用品,歯ブラシ,2000,1,高評価
セールで炊飯器を注文しました。期待以上でした。とても使いやすいです。説明と違う商品が届いた。また利用したいと思います。,家電,炊飯器,8700,1,高評価
緑茶のレビューです。普通に使えます。買ってよかった。星3つです。,食品,緑茶,900,3,普通
料理本を家族用に買いました。他と比べていないので分かりません。総合的にはまあまあ。,書籍,料理本,2500,3,普通
電気ケトルを家族用に買いました。値段相応だと思います。色が写真と少し違いました。普通に使えます。4点。,家電,電気ケトル,14800,3,普通
ハンドソープのレビューです。説明書が分かりにくい。説明と違う商品が届いた。サポートの対応が悪かった。以上、参考になれば。,日用品,ハンドソープ,800,6,低評価
電気ケトルを家族用に買いました。サイズが合わず返品しました。デザインが気に入っています。,家電,電気ケトル,29900,3,低評価
セールでダウンジャケットを注文しました。サイズが合わず返品しました。説明と違う商品が届いた。サポートの対応が悪かった。また利用したいと思います。,衣料,ダウンジャケット,3500,4,低評価
初めてコーヒー豆を試しました。家族にも好評。コスパが最高。リピート確定です。,食品,コーヒー豆,2700,6,高評価
口コミを見て歯ブラシを選びました。想像より軽くて扱いやすい。総合的には満足。,日用品,歯ブラシ,2600,6,高評価
初めてタオルを試しました。毎日使っています。デザインが気に入っています。星4つです。,日用品,タオル,400,3,高評価
レトルトカレーのレビューです。サポートの対応が悪かった。初期不良でした。総合的には不満。,食品,レトルトカレー,2400,6,低評価
炊飯器を購入。到着は予定どおりでした。色が写真と少し違いました。値段相応だと思います。星4つです。,家電,炊飯器,27400,2,普通
写真集を購入。可もなく不可もなく。到着は予定どおりでした。3点。,書籍,写真集,2800,3,普通
スニーカーのレビューです。サポートの対応が悪かった。,衣料,スニーカー,10400,6,低評価
初めて空気清浄機を試しました。買ってよかった。友人にも勧めたい。星4つです。,家電,空気清浄機,9100,4,高評価
口コミを見てパスタを選びました。買ってよかった。家族にも好評。,食品,パスタ,1600,5,高評価
初めて手袋を試しました。サイズが合わず返品しました。写真と全然違う。音がうるさくて使えない。以上、参考になれば。,衣料,手袋,15500,6,低評価
口コミを見てビジネス書を選びました。思ったより大きめでした。特に不満はありません。色が写真と少し違いました。総合的にはまあまあ。,書籍,ビジネス書,2100,3,普通
ダウンジャケットのレビューです。サポートの対応が悪かった。写真と全然違う。星1つです。,衣料,ダウンジャケット,17300,3,低評価
セールで手袋を注文しました。想像より軽くて扱いやすい。品質が良く長持ちしそう。期待外れでがっかり。総合的には満足。,衣料,手袋,5300,3,高評価
口コミを見てドライヤーを選びました。毎日使っています。また利用したいと思います。,家電,ドライヤー,10400,3,高評価
口コミを見て手袋を選びました。初期不良でした。2点。,衣料,手袋,3800,6,低評価
炊飯器を購入。期待以上でした。4点。,家電,炊飯器,37000,1,高評価
セールで料理本を注文しました。写真と全然違う。すぐに壊れました。想像より軽くて扱いやすい。,書籍,料理本,1000,6,低評価
初めてタオルを試しました。説明書が分かりにくい。すぐに壊れました。音がうるさくて使えない。星2つです。,日用品,タオル,1900,6,低評価
初めて参考書を試しました。すぐに壊れました。音がうるさくて使えない。星1つです。,書籍,参考書,3700,5,低評価
コーヒー豆を購入。値段相応だと思います。他と比べていないので分かりません。思ったより大きめでした。説明書が分かりにくい。以上、参考になれば。,食品,コーヒー豆,3000,5,普通
セールで写真集を注文しました。梱包も丁寧で好印象。,書籍,写真集,3300,1,高評価
洗剤のレビューです。品質が良く長持ちしそう。想像より軽くて扱いやすい。とても使いやすいです。以上、参考になれば。,日用品,洗剤,1300,2,高評価
初めてチョコレートを試しました。想像より軽くて扱いやすい。コスパが最高。星5つです。,食品,チョコレート,1200,5,高評価
初めて料理本を試しました。色が写真と少し違いました。家族にも好評。,書籍,料理本,1300,5,普通
ビジネス書を購入。音がうるさくて使えない。以上、参考になれば。,書籍,ビジネス書,2700,4,低評価
口コミを見て空気清浄機を選びました。コスパが最高。とても使いやすいです。星5つです。,家電,空気清浄機,22500,1,高評価
初めて小説を試しました。匂いが気になります。説明と違う商品が届いた。とても使いやすいです。星2つです。,書籍,小説,2800,2,低評価
セールで掃除機を注文しました。梱包も丁寧で好印象。想像より軽くて扱いやすい。4点。,家電,掃除機,20000,5,高評価
タオルを家族用に買いました。匂いが気になります。サポートの対応が悪かった。星1つです。,日用品,タオル,900,3,低評価
歯ブラシのレビューです。サポートの対応が悪かった。総合的には不満。,日用品,歯ブラシ,1300,5,低評価
セールでオリーブオイルを注文しました。特に不満はありません。値段相応だと思います。普通に使えます。星3つです。,食品,オリーブオイル,2100,3,普通
空気清浄機のレビューです。説明と違う商品が届いた。値段の割に安っぽい。二度と買いません。また利用したいと思います。,家電,空気清浄機,20100,3,低評価
口コミを見てTシャツを選びました。他と比べていないので分かりません。友人にも勧めたい。以上、参考になれば。,衣料,Tシャツ,3800,3,普通
セールで写真集を注文しました。家族にも好評。匂いが気になります。総合的には満足。,書籍,写真集,1300,3,高評価
炊飯器を購入。特に不満はありません。また利用したいと思います。,家電,炊飯器,15400,2,普通
セールでイヤホンを注文しました。すぐに壊れました。期待外れでがっかり。,家電,イヤホン,26800,6,低評価
掃除機を購入。期待外れでがっかり。,家電,掃除機,15900,3,低評価
洗剤を購入。とても使いやすいです。想像より軽くて扱いやすい。以上、参考になれば。,日用品,洗剤,700,1,高評価
初めて空気清浄機を試しました。リピート確定です。品質が良く長持ちしそう。,家電,空気清浄機,25100,3,高評価
口コミを見てオリーブオイルを選びました。リピート確定です。コスパが最高。品質が良く長持ちしそう。4点。,食品,オリーブオイル,1300,2,高評価
初めて写真集を試しました。友人にも勧めたい。星5つです。,書籍,写真集,2500,2,高評価
参考書のレビューです。デザインが気に入っています。以上、参考になれば。,書籍,参考書,1700,4,高評価
炊飯器のレビューです。サイズが合わず返品しました。二度と買いません。1点。,家電,炊飯器,35400,3,低評価
写真集のレビューです。二度と買いません。サイズが合わず返品しました。,書籍,写真集,2600,5,低評価
口コミを見てダウンジャケットを選びました。想像より軽くて扱いやすい。他と比べていないので分かりません。以上、参考になれば。,衣料,ダウンジャケット,17000,1,高評価
セールでパスタを注文しました。コスパが最高。毎日使っています。買ってよかった。以上、参考になれば。,食品,パスタ,2200,6,高評価
レインコートのレビューです。匂いが気になります。説明書が分かりにくい。星2つです。,衣料,レインコート,17000,3,低評価
セールで炊飯器を注文しました。説明書どおりの性能。二度と買いません。星4つです。,家電,炊飯器,32500,2,普通
タオルを購入。デザインが気に入っています。リピート確定です。梱包も丁寧で好印象。また利用したいと思います。,日用品,タオル,700,4,高評価
電気ケトルを家族用に買いました。思ったより大きめでした。4点。,家電,電気ケトル,38700,3,低評価
セールで収納ボックスを注文しました。とても使いやすいです。梱包も丁寧で好印象。リピート確定です。5点。,日用品,収納ボックス,2100,6,高評価
口コミを見てチョコレートを選びました。家族にも好評。5点。,食品,チョコレート,2900,3,高評価
炊飯器を購入。値段の割に安っぽい。サイズが合わず返品しました。特に不満はありません。1点。,家電,炊飯器,32000,4,低評価
口コミを見て歯ブラシを選びました。思ったより大きめでした。説明書どおりの性能。まだ数回しか使っていません。,日用品,歯ブラシ,1400,3,普通
ビジネス書を購入。音がうるさくて使えない。匂いが気になります。二度と買いません。2点。,書籍,ビジネス書,3900,3,低評価
