車両説明,メーカー,年式,走行距離_万km,排気量_cc,色,車検,価格_万円
2015年式 マツダ デミオ X 走行10.6万km LEDヘッドライト,マツダ,2015,10.6,2000,青,なし,39.5
2020年式 スバル レヴォーグ ターボ 走行2.5万km 新品タイヤ交換済 ドライブレコーダー ETC タイヤ溝少なめ エアコン効き弱い 修復歴あり,スバル,2020,2.5,1000,赤,なし,96.9
2015年式 マツダ デミオ ターボ 走行4.1万km フルセグTV バックカメラ LEDヘッドライト,マツダ,2015,4.1,1000,白,あり,54.2
2019年式 スバル レヴォーグ 4WD 走行0.5万km LEDヘッドライト 純正ナビ フルセグTV,スバル,2019,0.5,1000,パール,なし,202.8
2009年式 スズキ スイフト X 走行13.6万km ナビ地図データ古い,スズキ,2009,13.6,1200,シルバー,なし,15.0
2014年式 スバル レヴォーグ 4WD 走行10.1万km ワンオーナー 小キズ多数,スバル,2014,10.1,2000,青,なし,80.9
2009年式 スズキ ジムニー 4WD 走行11.6万km 純正ナビ 衝突被害軽減ブレーキ 修復歴あり,スズキ,2009,11.6,1800,青,あり,15.8
2022年式 ホンダ ステップワゴン S 走行2.1万km,ホンダ,2022,2.1,660,青,あり,232.2
2016年式 スズキ スイフト ターボ 走行6.8万km LEDヘッドライト ドライブレコーダー タイヤ溝少なめ,スズキ,2016,6.8,2000,赤,なし,50.4
2011年式 スズキ スイフト G 走行12.6万km ディーラー整備記録簿あり ETC,スズキ,2011,12.6,1200,パール,あり,21.8
2022年式 トヨタ プリウス 特別仕様車 走行0.1万km バックカメラ サンルーフ LEDヘッドライト ドライブレコーダー バッテリー要交換 タイヤ溝少なめ,トヨタ,2022,0.1,2500,赤,あり,221.5
2014年式 ホンダ フィット 特別仕様車 走行11.5万km フルセグTV,ホンダ,2014,11.5,2000,黒,なし,37.0
2016年式 トヨタ カローラ Z 走行6.4万km 純正ナビ サンルーフ フルセグTV タイヤ溝少なめ バッテリー要交換,トヨタ,2016,6.4,2000,赤,なし,60.1
2017年式 トヨタ アルファード 特別仕様車 走行7.5万km ワンオーナー 純正ナビ ETC ドライブレコーダー 車検切れ,トヨタ,2017,7.5,1200,パール,なし,198.2
2016年式 トヨタ アクア G 走行9.9万km 車検切れ,トヨタ,2016,9.9,1800,赤,あり,39.9
2014年式 トヨタ カローラ 特別仕様車 走行10.0万km 禁煙車 ドライブレコーダー フルセグTV 本革シート サンルーフ,トヨタ,2014,10.0,660,黒,あり,68.4
2017年式 トヨタ プリウス S 走行5.6万km,トヨタ,2017,5.6,1000,パール,あり,83.0
2012年式 スズキ ジムニー X 走行10.8万km バックカメラ 本革シート 両側パワースライドドア LEDヘッドライト 鍵1本のみ,スズキ,2012,10.8,2500,黒,あり,39.8
2016年式 マツダ CX-5 ターボ 走行7.5万km 禁煙車 両側パワースライドドア ディーラー整備記録簿あり ドライブレコーダー 車検切れ 内装に汚れ,マツダ,2016,7.5,1800,青,あり,107.3
2015年式 マツダ CX-5 Z 走行8.9万km ディーラー整備記録簿あり 両側パワースライドドア フルセグTV 純正ナビ,マツダ,2015,8.9,1200,青,あり,103.9
2013年式 トヨタ ハリアー ハイブリッド 走行8.8万km ワンオーナー ドライブレコーダー フルセグTV 禁煙車 内装に汚れ,トヨタ,2013,8.8,1500,白,あり,106.3
2010年式 日産 エクストレイル G 走行14.2万km 本革シート ドライブレコーダー ワンオーナー 衝突被害軽減ブレーキ ディーラー整備記録簿あり,日産,2010,14.2,2000,白,なし,53.9
2015年式 日産 リーフ 4WD 走行8.8万km,日産,2015,8.8,0,青,あり,104.4
2023年式 スバル インプレッサ ハイブリッド 走行0.5万km ワンオーナー ドライブレコーダー LEDヘッドライト ディーラー整備記録簿あり フルセグTV,スバル,2023,0.5,2000,青,あり,258.2
2016年式 日産 リーフ S 走行5.6万km LEDヘッドライト ETC,日産,2016,5.6,0,パール,あり,107.9
2022年式 スバル レヴォーグ 4WD 走行3.0万km,スバル,2022,3.0,2000,黒,あり,272.1
2022年式 マツダ CX-5 特別仕様車 走行0.1万km サンルーフ 禁煙車 ドライブレコーダー 新品タイヤ交換済 修復歴あり 小キズ多数,マツダ,2022,0.1,660,黒,あり,187.8
2020年式 スズキ ハスラー 4WD 走行6.8万km ドライブレコーダー 禁煙車 サンルーフ バックカメラ 衝突被害軽減ブレーキ ナビ地図データ古い,スズキ,2020,6.8,1500,白,なし,98.3
2012年式 日産 ノート Z 走行8.1万km LEDヘッドライト 鍵1本のみ,日産,2012,8.1,1000,黒,なし,32.8
2015年式 スバル インプレッサ ターボ 走行9.4万km 両側パワースライドドア ワンオーナー 新品タイヤ交換済,スバル,2015,9.4,1000,白,あり,70.8
2020年式 スバル インプレッサ 4WD 走行3.1万km バッテリー要交換 ナビ地図データ古い,スバル,2020,3.1,660,黒,あり,130.2
2014年式 トヨタ ハリアー Z 走行4.8万km ETC 新品タイヤ交換済 内装に汚れ,トヨタ,2014,4.8,1800,赤,あり,114.9
2009年式 トヨタ カローラ ハイブリッド 走行13.6万km,トヨタ,2009,13.6,1000,シルバー,あり,21.7
2014年式 マツダ ロードスター 特別仕様車 走行9.6万km ディーラー整備記録簿あり 両側パワースライドドア,マツダ,2014,9.6,1000,パール,あり,74.8
2010年式 スバル インプレッサ 4WD 走行9.2万km 衝突被害軽減ブレーキ LEDヘッドライト 車検切れ,スバル,2010,9.2,660,パール,なし,32.1
2020年式 スバル フォレスター X 走行3.1万km ETC LEDヘッドライト,スバル,2020,3.1,2000,パール,なし,188.0
2013年式 スズキ ジムニー 4WD 走行7.6万km ディーラー整備記録簿あり,スズキ,2013,7.6,2500,黒,なし,48.7
2013年式 ホンダ N-BOX 特別仕様車 走行13.1万km ドライブレコーダー LEDヘッドライト 両側パワースライドドア 小キズ多数,ホンダ,2013,13.1,2500,青,あり,31.8
2010年式 日産 セレナ 特別仕様車 走行11.2万km エアコン効き弱い バッテリー要交換 内装に汚れ,日産,2010,11.2,2000,シルバー,あり,28.3
2022年式 スバル レヴォーグ G 走行1.3万km ワンオーナー 衝突被害軽減ブレーキ ドライブレコーダー LEDヘッドライト 車検切れ,スバル,2022,1.3,1800,シルバー,あり,292.2
2011年式 日産 セレナ S 走行12.4万km 衝突被害軽減ブレーキ,日産,2011,12.4,1000,黒,あり,43.2
2013年式 トヨタ カローラ ハイブリッド 走行10.8万km 衝突被害軽減ブレーキ ディーラー整備記録簿あり 両側パワースライドドア 内装に汚れ,トヨタ,2013,10.8,2500,青,あり,53.3
2021年式 スズキ スイフト X 走行0.1万km,スズキ,2021,0.1,1800,白,なし,99.3
2016年式 ホンダ ステップワゴン X 走行5.6万km,ホンダ,2016,5.6,1000,白,あり,95.0
2012年式 スバル レヴォーグ ターボ 走行8.7万km,スバル,2012,8.7,2000,青,あり,69.8
2015年式 スズキ ジムニー Z 走行5.8万km ディーラー整備記録簿あり 衝突被害軽減ブレーキ,スズキ,2015,5.8,2000,赤,なし,64.1
2016年式 トヨタ ハリアー 4WD 走行6.7万km サンルーフ ETC,トヨタ,2016,6.7,1000,赤,あり,136.0
2014年式 スズキ スイフト 特別仕様車 走行9.5万km 本革シート 両側パワースライドドア ワンオーナー 修復歴あり バッテリー要交換,スズキ,2014,9.5,2000,赤,あり,25.4
2016年式 スバル レヴォーグ G 走行10.6万km フルセグTV サンルーフ 衝突被害軽減ブレーキ 本革シート 車検切れ 内装に汚れ,スバル,2016,10.6,1000,白,あり,113.2
2014年式 日産 ノート G 走行8.8万km タイヤ溝少なめ,日産,2014,8.8,1200,シルバー,なし,32.6
2015年式 トヨタ アルファード ハイブリッド 走行10.5万km,トヨタ,2015,10.5,1500,シルバー,あり,116.3
2020年式 マツダ デミオ X 走行3.3万km ETC 禁煙車 純正ナビ 衝突被害軽減ブレーキ バックカメラ,マツダ,2020,3.3,2000,シルバー,あり,101.9
2023年式 日産 セレナ ターボ 走行0.1万km 本革シート 鍵1本のみ,日産,2023,0.1,1500,パール,なし,275.0
2015年式 スズキ スイフト ターボ 走行6.7万km ディーラー整備記録簿あり 新品タイヤ交換済 衝突被害軽減ブレーキ バックカメラ,スズキ,2015,6.7,2500,青,あり,52.4
2011年式 マツダ ロードスター S 走行13.9万km 衝突被害軽減ブレーキ LEDヘッドライト,マツダ,2011,13.9,2000,青,あり,48.1
2022年式 スズキ スイフト S 走行1.9万km ドライブレコーダー 両側パワースライドドア 衝突被害軽減ブレーキ タイヤ溝少なめ,スズキ,2022,1.9,1200,青,あり,114.0
2015年式 スズキ ジムニー ハイブリッド 走行8.2万km 新品タイヤ交換済 両側パワースライドドア バックカメラ,スズキ,2015,8.2,1500,白,あり,64.0
2009年式 トヨタ アクア 特別仕様車 走行11.6万km ワンオーナー 禁煙車 車検切れ,トヨタ,2009,11.6,2000,パール,あり,22.3
2018年式 マツダ CX-5 Z 走行2.4万km 禁煙車 フルセグTV ETC,マツダ,2018,2.4,1200,白,あり,148.7
2013年式 スズキ ジムニー S 走行11.9万km 新品タイヤ交換済 ワンオーナー 本革シート ドライブレコーダー 両側パワースライドドア 小キズ多数,スズキ,2013,11.9,1000,赤,あり,46.1
2023年式 スバル フォレスター S 走行0.1万km,スバル,2023,0.1,2000,赤,あり,252.8
2019年式 ホンダ ステップワゴン S 走行5.3万km ディーラー整備記録簿あり 両側パワースライドドア 新品タイヤ交換済 ワンオーナー サンルーフ,ホンダ,2019,5.3,1000,パール,あり,190.3
2011年式 スバル インプレッサ 特別仕様車 走行10.8万km,スバル,2011,10.8,1500,黒,なし,33.1
2014年式 スズキ ジムニー G 走行8.7万km 本革シート 純正ナビ LEDヘッドライト 両側パワースライドドア,スズキ,2014,8.7,1200,白,あり,55.2
2010年式 スバル レヴォーグ S 走行13.5万km ドライブレコーダー サンルーフ 純正ナビ,スバル,2010,13.5,1500,パール,なし,51.7
2017年式 スズキ ハスラー S 走行7.6万km LEDヘッドライト タイヤ溝少なめ バッテリー要交換 鍵1本のみ,スズキ,2017,7.6,1500,赤,あり,45.0
2013年式 マツダ デミオ ハイブリッド 走行6.4万km 両側パワースライドドア ドライブレコーダー 純正ナビ,マツダ,2013,6.4,1000,赤,あり,42.5
2022年式 ホンダ ヴェゼル X 走行1.2万km ワンオーナー ドライブレコーダー 本革シート 鍵1本のみ,ホンダ,2022,1.2,1200,赤,なし,221.8
2023年式 ホンダ フィット X 走行0.1万km 本革シート ドライブレコーダー 禁煙車 新品タイヤ交換済,ホンダ,2023,0.1,1200,赤,なし,188.1
2016年式 ホンダ ヴェゼル S 走行8.0万km ETC バックカメラ ディーラー整備記録簿あり ドライブレコーダー LEDヘッドライト,ホンダ,2016,8.0,1800,黒,あり,95.7
2016年式 日産 エクストレイル 特別仕様車 走行7.1万km 本革シート 純正ナビ ETC ワンオーナー,日産,2016,7.1,2500,赤,なし,137.8
2014年式 スバル インプレッサ 4WD 走行10.2万km LEDヘッドライト 純正ナビ,スバル,2014,10.2,1200,シルバー,なし,56.1
2020年式 スバル インプレッサ 4WD 走行0.1万km 両側パワースライドドア 新品タイヤ交換済 ドライブレコーダー 小キズ多数,スバル,2020,0.1,1000,パール,なし,145.7
2018年式 日産 エクストレイル Z 走行2.4万km 新品タイヤ交換済 純正ナビ フルセグTV ETC 内装に汚れ 鍵1本のみ,日産,2018,2.4,660,白,あり,143.7
2020年式 日産 エクストレイル Z 走行2.7万km フルセグTV 純正ナビ ドライブレコーダー LEDヘッドライト ディーラー整備記録簿あり,日産,2020,2.7,1800,黒,あり,220.5
2018年式 スズキ スイフト Z 走行5.9万km LEDヘッドライト バックカメラ 衝突被害軽減ブレーキ 禁煙車 純正ナビ ナビ地図データ古い 車検切れ 小キズ多数,スズキ,2018,5.9,2500,パール,あり,57.4
2015年式 スズキ スイフト 4WD 走行6.7万km 衝突被害軽減ブレーキ 本革シート,スズキ,2015,6.7,2000,白,あり,48.1
2021年式 日産 エクストレイル 4WD 走行1.5万km 純正ナビ ディーラー整備記録簿あり 禁煙車 衝突被害軽減ブレーキ タイヤ溝少なめ バッテリー要交換,日産,2021,1.5,1200,パール,あり,299.0
2017年式 スズキ ハスラー 特別仕様車 走行4.4万km ワンオーナー ディーラー整備記録簿あり ドライブレコーダー 内装に汚れ,スズキ,2017,4.4,1000,白,あり,68.1
2014年式 ホンダ N-BOX S 走行8.4万km 両側パワースライドドア フルセグTV,ホンダ,2014,8.4,1800,赤,あり,36.9
2009年式 スズキ スイフト Z 走行14.2万km 両側パワースライドドア 内装に汚れ,スズキ,2009,14.2,1000,パール,あり,15.0
2022年式 スズキ ハスラー G 走行0.1万km フルセグTV エアコン効き弱い,スズキ,2022,0.1,1200,白,あり,97.8
2011年式 スズキ ハスラー ハイブリッド 走行12.4万km 純正ナビ サンルーフ,スズキ,2011,12.4,2500,赤,あり,24.7
2011年式 日産 エクストレイル 4WD 走行13.6万km 本革シート タイヤ溝少なめ,日産,2011,13.6,1200,パール,あり,53.7
2015年式 スズキ ハスラー 4WD 走行7.9万km,スズキ,2015,7.9,2000,パール,なし,42.9
2018年式 ホンダ ステップワゴン S 走行8.0万km,ホンダ,2018,8.0,660,パール,あり,121.9
2018年式 スバル インプレッサ 4WD 走行6.7万km,スバル,2018,6.7,1200,青,なし,94.4
2022年式 スバル インプレッサ X 走行1.7万km 本革シート 禁煙車 ETC 衝突被害軽減ブレーキ 鍵1本のみ ナビ地図データ古い,スバル,2022,1.7,2500,青,あり,210.0
2020年式 トヨタ アルファード ターボ 走行1.5万km バックカメラ エアコン効き弱い,トヨタ,2020,1.5,1000,赤,あり,234.7
2018年式 ホンダ N-BOX Z 走行5.4万km ワンオーナー バックカメラ サンルーフ LEDヘッドライト 衝突被害軽減ブレーキ ナビ地図データ古い,ホンダ,2018,5.4,1000,赤,あり,76.4
2012年式 日産 ノート ターボ 走行7.1万km 禁煙車 両側パワースライドドア 新品タイヤ交換済 サンルーフ バックカメラ 修復歴あり,日産,2012,7.1,660,青,あり,31.4
2019年式 トヨタ アクア 特別仕様車 走行1.5万km 修復歴あり 鍵1本のみ,トヨタ,2019,1.5,1200,青,なし,51.5
2012年式 日産 エクストレイル X 走行14.5万km 純正ナビ 衝突被害軽減ブレーキ 本革シート 新品タイヤ交換済,日産,2012,14.5,1200,黒,あり,63.9
2018年式 日産 エクストレイル G 走行6.4万km 衝突被害軽減ブレーキ フルセグTV バックカメラ ワンオーナー 車検切れ,日産,2018,6.4,2500,シルバー,なし,137.3
2022年式 スズキ ジムニー G 走行1.9万km ディーラー整備記録簿あり 禁煙車,スズキ,2022,1.9,2000,赤,なし,156.5
2023年式 日産 セレナ S 走行2.1万km サンルーフ ワンオーナー ディーラー整備記録簿あり 両側パワースライドドア,日産,2023,2.1,660,白,なし,318.2
2012年式 スバル インプレッサ S 走行8.8万km バックカメラ 禁煙車 サンルーフ,スバル,2012,8.8,1000,黒,なし,47.3
2023年式 日産 リーフ ターボ 走行0.1万km ワンオーナー 衝突被害軽減ブレーキ 小キズ多数,日産,2023,0.1,0,シルバー,なし,312.1
2011年式 日産 リーフ ターボ 走行14.0万km バックカメラ ETC 両側パワースライドドア ドライブレコーダー 衝突被害軽減ブレーキ バッテリー要交換,日産,2011,14.0,0,白,なし,56.9
2009年式 トヨタ カローラ G 走行14.2万km サンルーフ 衝突被害軽減ブレーキ 車検切れ,トヨタ,2009,14.2,1200,青,あり,22.5
2017年式 マツダ ロードスター X 走行4.9万km 純正ナビ ディーラー整備記録簿あり 禁煙車 ETC フルセグTV,マツダ,2017,4.9,660,青,あり,120.7
2018年式 マツダ デミオ G 走行9.8万km LEDヘッドライト フルセグTV ディーラー整備記録簿あり 衝突被害軽減ブレーキ,マツダ,2018,9.8,1200,赤,なし,72.0
2019年式 トヨタ ハリアー ハイブリッド 走行5.0万km バックカメラ ドライブレコーダー ETC 車検切れ,トヨタ,2019,5.0,1500,シルバー,あり,183.8
2013年式 トヨタ カローラ G 走行9.2万km フルセグTV,トヨタ,2013,9.2,1000,赤,なし,38.7
2010年式 マツダ ロードスター S 走行14.1万km 新品タイヤ交換済 両側パワースライドドア ワンオーナー フルセグTV,マツダ,2010,14.1,2500,パール,なし,46.9
2012年式 マツダ デミオ G 走行9.5万km 本革シート ドライブレコーダー バックカメラ 両側パワースライドドア エアコン効き弱い タイヤ溝少なめ 内装に汚れ,マツダ,2012,9.5,1500,赤,なし,27.6
2015年式 マツダ CX-5 G 走行10.3万km エアコン効き弱い 鍵1本のみ 修復歴あり,マツダ,2015,10.3,1800,白,あり,31.8
2015年式 スズキ ハスラー X 走行8.8万km ナビ地図データ古い 車検切れ,スズキ,2015,8.8,660,黒,あり,32.2
2020年式 スバル レヴォーグ ターボ 走行3.8万km 純正ナビ ETC,スバル,2020,3.8,660,黒,あり,204.5
2011年式 日産 リーフ Z 走行12.9万km,日産,2011,12.9,0,赤,あり,48.4
2009年式 日産 ノート X 走行15.5万km,日産,2009,15.5,1200,パール,なし,17.4
2019年式 スバル レヴォーグ 4WD 走行3.9万km 純正ナビ バックカメラ 禁煙車 ディーラー整備記録簿あり タイヤ溝少なめ 鍵1本のみ,スバル,2019,3.9,1000,パール,あり,200.5
2015年式 トヨタ ハリアー ターボ 走行8.8万km サンルーフ 両側パワースライドドア 本革シート 鍵1本のみ,トヨタ,2015,8.8,1500,青,あり,133.4
2012年式 日産 セレナ ハイブリッド 走行10.8万km 両側パワースライドドア バックカメラ サンルーフ ディーラー整備記録簿あり 車検切れ,日産,2012,10.8,660,黒,あり,66.7
2012年式 日産 エクストレイル G 走行11.8万km LEDヘッドライト エアコン効き弱い,日産,2012,11.8,1800,白,あり,51.0
2020年式 ホンダ ステップワゴン 4WD 走行3.4万km ドライブレコーダー 両側パワースライドドア サンルーフ 本革シート フルセグTV 鍵1本のみ,ホンダ,2020,3.4,1000,赤,あり,236.0
2022年式 スバル フォレスター S 走行0.2万km LEDヘッドライト,スバル,2022,0.2,1000,パール,なし,258.9
2022年式 スズキ スイフト ターボ 走行1.1万km 純正ナビ 衝突被害軽減ブレーキ,スズキ,2022,1.1,2000,赤,あり,126.8
2021年式 スズキ スイフト ハイブリッド 走行3.5万km フルセグTV 本革シート ETC サンルーフ,スズキ,2021,3.5,2500,青,なし,110.5
2019年式 トヨタ ハリアー Z 走行2.7万km バッテリー要交換,トヨタ,2019,2.7,2500,シルバー,なし,175.4
2015年式 トヨタ ハリアー 特別仕様車 走行9.1万km,トヨタ,2015,9.1,1800,シルバー,なし,109.2
2018年式 スズキ ジムニー 特別仕様車 走行5.9万km 純正ナビ 禁煙車 ナビ地図データ古い,スズキ,2018,5.9,1800,白,あり,95.4
2019年式 ホンダ ステップワゴン Z 走行4.9万km 新品タイヤ交換済 衝突被害軽減ブレーキ ドライブレコーダー,ホンダ,2019,4.9,1500,シルバー,あり,159.4
2013年式 スズキ スイフト 特別仕様車 走行10.2万km 衝突被害軽減ブレーキ 両側パワースライドドア バッテリー要交換,スズキ,2013,10.2,2000,赤,あり,35.3
2019年式 ホンダ N-BOX G 走行5.7万km 禁煙車 ディーラー整備記録簿あり サンルーフ ナビ地図データ古い,ホンダ,2019,5.7,2000,赤,なし,92.2
2018年式 日産 リーフ ターボ 走行6.5万km ディーラー整備記録簿あり 新品タイヤ交換済 衝突被害軽減ブレーキ 本革シート バックカメラ,日産,2018,6.5,0,赤,なし,205.7
2015年式 マツダ ロードスター 特別仕様車 走行6.5万km フルセグTV 新品タイヤ交換済 ディーラー整備記録簿あり,マツダ,2015,6.5,660,パール,あり,103.4
2021年式 スバル インプレッサ 4WD 走行3.9万km 衝突被害軽減ブレーキ 本革シート,スバル,2021,3.9,660,シルバー,あり,178.3
2015年式 トヨタ ハリアー ハイブリッド 走行6.3万km 衝突被害軽減ブレーキ フルセグTV,トヨタ,2015,6.3,1000,白,あり,122.2
2011年式 スズキ ハスラー G 走行10.5万km 鍵1本のみ エアコン効き弱い,スズキ,2011,10.5,1800,青,なし,18.2
2020年式 ホンダ N-BOX ターボ 走行4.2万km バックカメラ,ホンダ,2020,4.2,1800,黒,あり,94.2
2015年式 日産 エクストレイル X 走行7.7万km 新品タイヤ交換済 本革シート バックカメラ 両側パワースライドドア 修復歴あり 鍵1本のみ,日産,2015,7.7,2000,シルバー,あり,69.7
2022年式 スバル フォレスター 特別仕様車 走行2.0万km 禁煙車 ドライブレコーダー 本革シート 衝突被害軽減ブレーキ 純正ナビ,スバル,2022,2.0,1500,シルバー,あり,332.2
2013年式 ホンダ ヴェゼル 特別仕様車 走行6.3万km フルセグTV ドライブレコーダー サンルーフ,ホンダ,2013,6.3,2500,パール,なし,71.6
2009年式 マツダ CX-5 S 走行10.8万km 禁煙車,マツダ,2009,10.8,1200,青,あり,38.9
2019年式 スバル インプレッサ ターボ 走行3.7万km 新品タイヤ交換済,スバル,2019,3.7,1200,白,なし,137.3
2017年式 ホンダ ステップワゴン ハイブリッド 走行6.1万km 純正ナビ LEDヘッドライト 禁煙車 新品タイヤ交換済 ETC,ホンダ,2017,6.1,660,赤,なし,154.2
2020年式 トヨタ カローラ ハイブリッド 走行2.9万km ETC 禁煙車 本革シート フルセグTV 純正ナビ,トヨタ,2020,2.9,1500,赤,あり,149.9
2009年式 スズキ スイフト 4WD 走行11.1万km 新品タイヤ交換済 衝突被害軽減ブレーキ 両側パワースライドドア ディーラー整備記録簿あり,スズキ,2009,11.1,1200,赤,あり,22.0
2009年式 ホンダ フィット G 走行13.6万km バックカメラ ディーラー整備記録簿あり 小キズ多数,ホンダ,2009,13.6,1800,白,あり,17.8
2012年式 マツダ CX-5 Z 走行8.9万km フルセグTV ディーラー整備記録簿あり 新品タイヤ交換済 衝突被害軽減ブレーキ バックカメラ,マツダ,2012,8.9,2000,シルバー,あり,75.0
2010年式 日産 ノート X 走行15.7万km バックカメラ タイヤ溝少なめ 鍵1本のみ,日産,2010,15.7,660,黒,なし,18.0
2020年式 ホンダ N-BOX Z 走行4.8万km 衝突被害軽減ブレーキ,ホンダ,2020,4.8,1500,シルバー,あり,86.4
2017年式 ホンダ ヴェゼル ハイブリッド 走行1.9万km 本革シート ディーラー整備記録簿あり 修復歴あり 小キズ多数 ナビ地図データ古い,ホンダ,2017,1.9,660,赤,なし,70.3
2009年式 スバル フォレスター G 走行10.9万km,スバル,2009,10.9,2000,青,あり,41.4
2011年式 スズキ ハスラー 特別仕様車 走行11.1万km フルセグTV 本革シート ディーラー整備記録簿あり 純正ナビ 小キズ多数,スズキ,2011,11.1,1800,青,あり,29.3
2016年式 スズキ スイフト 4WD 走行6.8万km 純正ナビ 衝突被害軽減ブレーキ LEDヘッドライト,スズキ,2016,6.8,2500,パール,あり,54.4
2013年式 ホンダ ステップワゴン X 走行10.0万km ディーラー整備記録簿あり 本革シート,ホンダ,2013,10.0,1200,シルバー,あり,73.5
2016年式 ホンダ ステップワゴン X 走行7.6万km 本革シート サンルーフ,ホンダ,2016,7.6,1800,青,あり,115.5
2010年式 スバル フォレスター X 走行14.3万km ドライブレコーダー 本革シート 禁煙車 ETC,スバル,2010,14.3,1500,シルバー,あり,48.1
2023年式 日産 ノート 特別仕様車 走行1.3万km 新品タイヤ交換済,日産,2023,1.3,1000,シルバー,あり,173.8
2010年式 スズキ ハスラー ターボ 走行14.9万km ETC,スズキ,2010,14.9,1500,パール,なし,19.5
2010年式 スズキ ジムニー 4WD 走行14.5万km ドライブレコーダー エアコン効き弱い 小キズ多数,スズキ,2010,14.5,1200,黒,なし,19.9
2019年式 ホンダ ヴェゼル ターボ 走行3.9万km ワンオーナー 小キズ多数,ホンダ,2019,3.9,2500,シルバー,なし,124.7
2019年式 マツダ ロードスター S 走行5.3万km ワンオーナー フルセグTV 新品タイヤ交換済 ドライブレコーダー 両側パワースライドドア 小キズ多数,マツダ,2019,5.3,1800,黒,あり,159.0
2022年式 マツダ CX-5 Z 走行0.8万km 純正ナビ 本革シート ETC LEDヘッドライト フルセグTV 小キズ多数 バッテリー要交換,マツダ,2022,0.8,660,青,あり,261.7
2015年式 トヨタ カローラ ハイブリッド 走行9.6万km ワンオーナー LEDヘッドライト 純正ナビ 内装に汚れ 修復歴あり,トヨタ,2015,9.6,1000,黒,あり,35.9
2015年式 日産 リーフ Z 走行6.5万km 両側パワースライドドア,日産,2015,6.5,0,黒,なし,99.5
2019年式 日産 セレナ S 走行3.5万km 両側パワースライドドア サンルーフ 純正ナビ LEDヘッドライト バックカメラ ナビ地図データ古い 修復歴あり 内装に汚れ,日産,2019,3.5,660,シルバー,なし,101.8
2020年式 日産 セレナ 4WD 走行2.3万km,日産,2020,2.3,2500,シルバー,あり,175.8
2021年式 スバル レヴォーグ ハイブリッド 走行6.9万km ドライブレコーダー ワンオーナー サンルーフ 本革シート 衝突被害軽減ブレーキ 修復歴あり,スバル,2021,6.9,2000,赤,なし,209.0
2013年式 トヨタ アクア ハイブリッド 走行11.0万km フルセグTV,トヨタ,2013,11.0,2000,パール,なし,37.2
2018年式 ホンダ ステップワゴン X 走行3.1万km 禁煙車 純正ナビ,ホンダ,2018,3.1,1800,青,あり,159.1
2020年式 日産 ノート 特別仕様車 走行4.4万km,日産,2020,4.4,1200,パール,あり,91.1
2016年式 マツダ CX-5 S 走行9.7万km サンルーフ ディーラー整備記録簿あり バックカメラ 新品タイヤ交換済 ワンオーナー,マツダ,2016,9.7,660,パール,あり,122.1
2018年式 トヨタ アクア 特別仕様車 走行6.7万km 鍵1本のみ,トヨタ,2018,6.7,2500,黒,あり,68.4
2021年式 日産 リーフ G 走行4.9万km ETC ドライブレコーダー,日産,2021,4.9,0,黒,なし,233.0
2018年式 日産 リーフ X 走行4.8万km ディーラー整備記録簿あり 純正ナビ 新品タイヤ交換済 ETC ドライブレコーダー 小キズ多数,日産,2018,4.8,0,青,なし,141.9
2012年式 日産 エクストレイル Z 走行9.4万km ドライブレコーダー 新品タイヤ交換済 衝突被害軽減ブレーキ ワンオーナー 内装に汚れ,日産,2012,9.4,660,シルバー,なし,67.2
2022年式 スバル レヴォーグ G 走行0.8万km 禁煙車 サンルーフ 衝突被害軽減ブレーキ 新品タイヤ交換済,スバル,2022,0.8,1000,シルバー,なし,329.8
2012年式 ホンダ フィット Z 走行9.4万km ワンオーナー 本革シート 両側パワースライドドア 新品タイヤ交換済 バックカメラ 小キズ多数 修復歴あり,ホンダ,2012,9.4,2500,黒,なし,23.7
2014年式 スバル フォレスター Z 走行10.5万km,スバル,2014,10.5,2000,青,なし,73.2
2009年式 日産 エクストレイル G 走行11.4万km 衝突被害軽減ブレーキ ディーラー整備記録簿あり LEDヘッドライト サンルーフ ドライブレコーダー ナビ地図データ古い,日産,2009,11.4,1200,赤,なし,48.8
2018年式 スバル インプレッサ ターボ 走行2.6万km ディーラー整備記録簿あり 本革シート 両側パワースライドドア 小キズ多数 バッテリー要交換,スバル,2018,2.6,1000,黒,なし,110.7
2015年式 ホンダ フィット S 走行7.1万km 両側パワースライドドア 衝突被害軽減ブレーキ 新品タイヤ交換済 バッテリー要交換 エアコン効き弱い,ホンダ,2015,7.1,2500,黒,あり,43.5
2012年式 スバル インプレッサ X 走行9.7万km 内装に汚れ,スバル,2012,9.7,660,青,あり,34.7
2021年式 トヨタ ハリアー 特別仕様車 走行5.0万km,トヨタ,2021,5.0,1000,シルバー,あり,240.2
2015年式 日産 セレナ Z 走行9.8万km,日産,2015,9.8,1200,青,あり,69.5
2014年式 トヨタ アルファード X 走行9.2万km ディーラー整備記録簿あり ワンオーナー バックカメラ エアコン効き弱い 鍵1本のみ,トヨタ,2014,9.2,2500,青,あり,108.3
2018年式 日産 エクストレイル 特別仕様車 走行2.8万km ディーラー整備記録簿あり バッテリー要交換,日産,2018,2.8,1000,黒,あり,150.5
2020年式 スバル フォレスター G 走行7.0万km 禁煙車 鍵1本のみ 車検切れ,スバル,2020,7.0,2000,赤,あり,155.9
2016年式 スバル インプレッサ S 走行7.5万km ワンオーナー 純正ナビ,スバル,2016,7.5,1800,パール,あり,75.1
2010年式 マツダ デミオ 4WD 走行13.3万km 衝突被害軽減ブレーキ ETC フルセグTV ディーラー整備記録簿あり 鍵1本のみ 小キズ多数,マツダ,2010,13.3,2500,シルバー,あり,21.4
2022年式 マツダ デミオ 4WD 走行2.5万km ディーラー整備記録簿あり,マツダ,2022,2.5,1000,シルバー,あり,131.4
2015年式 日産 リーフ S 走行5.0万km バックカメラ サンルーフ,日産,2015,5.0,0,パール,あり,102.7
2023年式 マツダ ロードスター S 走行4.3万km ナビ地図データ古い,マツダ,2023,4.3,1500,シルバー,あり,214.0
2021年式 ホンダ ステップワゴン X 走行2.1万km サンルーフ ディーラー整備記録簿あり 新品タイヤ交換済 ドライブレコーダー 鍵1本のみ,ホンダ,2021,2.1,2500,シルバー,あり,233.8
2010年式 マツダ デミオ S 走行12.7万km ワンオーナー 新品タイヤ交換済 衝突被害軽減ブレーキ 禁煙車,マツダ,2010,12.7,1000,青,なし,23.9
2020年式 トヨタ ハリアー X 走行2.3万km ドライブレコーダー LEDヘッドライト フルセグTV 純正ナビ,トヨタ,2020,2.3,660,黒,なし,222.8
2020年式 ホンダ N-BOX Z 走行2.6万km ディーラー整備記録簿あり ドライブレコーダー 純正ナビ ETC,ホンダ,2020,2.6,1000,パール,あり,87.7
2016年式 ホンダ N-BOX ターボ 走行7.0万km,ホンダ,2016,7.0,1000,白,あり,54.1
2009年式 ホンダ ヴェゼル ハイブリッド 走行13.1万km サンルーフ 衝突被害軽減ブレーキ 新品タイヤ交換済,ホンダ,2009,13.1,2500,黒,あり,39.9
2015年式 ホンダ N-BOX X 走行7.7万km 禁煙車 車検切れ,ホンダ,2015,7.7,1800,シルバー,あり,39.4
2009年式 ホンダ ヴェゼル ハイブリッド 走行14.4万km 禁煙車 純正ナビ,ホンダ,2009,14.4,2000,黒,あり,35.6
2012年式 トヨタ アルファード Z 走行11.3万km 車検切れ,トヨタ,2012,11.3,2500,赤,あり,70.3
2022年式 トヨタ アルファード Z 走行4.2万km ワンオーナー 衝突被害軽減ブレーキ 両側パワースライドドア 純正ナビ サンルーフ 内装に汚れ,トヨタ,2022,4.2,1200,パール,あり,400.3
2016年式 日産 リーフ ターボ 走行8.7万km ETC 内装に汚れ,日産,2016,8.7,0,黒,なし,90.8
2012年式 スズキ ハスラー ターボ 走行12.8万km 本革シート ETC 車検切れ,スズキ,2012,12.8,2500,シルバー,あり,24.4
2022年式 スズキ ハスラー 4WD 走行0.1万km 衝突被害軽減ブレーキ フルセグTV 純正ナビ 鍵1本のみ 修復歴あり,スズキ,2022,0.1,1000,黒,あり,74.3
2018年式 トヨタ アルファード ハイブリッド 走行4.8万km フルセグTV 純正ナビ バッテリー要交換,トヨタ,2018,4.8,1500,シルバー,あり,208.9
2022年式 スズキ スイフト ハイブリッド 走行0.1万km 禁煙車 ディーラー整備記録簿あり,スズキ,2022,0.1,2500,赤,なし,138.6
2011年式 スバル レヴォーグ S 走行15.1万km LEDヘッドライト サンルーフ ディーラー整備記録簿あり ドライブレコーダー,スバル,2011,15.1,1200,シルバー,あり,58.4
2019年式 トヨタ ハリアー S 走行3.5万km ワンオーナー ETC 両側パワースライドドア ディーラー整備記録簿あり 衝突被害軽減ブレーキ タイヤ溝少なめ,トヨタ,2019,3.5,1000,パール,なし,268.9
2019年式 スバル レヴォーグ ハイブリッド 走行4.5万km ドライブレコーダー,スバル,2019,4.5,1800,青,あり,174.9
2013年式 日産 セレナ G 走行9.5万km バックカメラ 純正ナビ 禁煙車 サンルーフ,日産,2013,9.5,1000,赤,あり,76.1
2018年式 スバル インプレッサ G 走行4.3万km ワンオーナー 新品タイヤ交換済 サンルーフ,スバル,2018,4.3,660,黒,あり,120.5
2023年式 トヨタ アクア S 走行3.5万km ETC LEDヘッドライト,トヨタ,2023,3.5,2000,黒,あり,154.5
2017年式 マツダ CX-5 4WD 走行7.3万km ディーラー整備記録簿あり バックカメラ 禁煙車 両側パワースライドドア,マツダ,2017,7.3,1000,シルバー,あり,163.2
2017年式 トヨタ アルファード Z 走行8.1万km バックカメラ 禁煙車 ETC LEDヘッドライト 両側パワースライドドア 修復歴あり,トヨタ,2017,8.1,1500,青,あり,129.1
2017年式 ホンダ ヴェゼル 4WD 走行8.9万km 純正ナビ,ホンダ,2017,8.9,1800,青,あり,102.0
2017年式 マツダ デミオ Z 走行7.5万km サンルーフ 内装に汚れ 小キズ多数,マツダ,2017,7.5,1200,白,あり,53.8
2014年式 ホンダ ヴェゼル 4WD 走行6.7万km 新品タイヤ交換済,ホンダ,2014,6.7,2500,シルバー,あり,76.1
2015年式 ホンダ フィット G 走行8.0万km ワンオーナー 衝突被害軽減ブレーキ ETC,ホンダ,2015,8.0,2500,青,あり,55.1
2015年式 ホンダ ステップワゴン 4WD 走行7.6万km 両側パワースライドドア 本革シート,ホンダ,2015,7.6,1500,赤,あり,112.6
2017年式 スバル フォレスター Z 走行4.4万km ディーラー整備記録簿あり,スバル,2017,4.4,660,パール,あり,134.6
2009年式 日産 ノート X 走行13.9万km ディーラー整備記録簿あり 純正ナビ LEDヘッドライト サンルーフ,日産,2009,13.9,660,パール,あり,23.4
2022年式 マツダ ロードスター 特別仕様車 走行3.2万km 本革シート LEDヘッドライト 修復歴あり エアコン効き弱い,マツダ,2022,3.2,1000,白,あり,114.3
2010年式 トヨタ プリウス G 走行13.8万km LEDヘッドライト フルセグTV 両側パワースライドドア 本革シート,トヨタ,2010,13.8,1500,青,なし,36.0
2017年式 スズキ ジムニー Z 走行6.6万km 本革シート ワンオーナー 純正ナビ バックカメラ 新品タイヤ交換済,スズキ,2017,6.6,1000,青,なし,91.4
2021年式 マツダ デミオ 特別仕様車 走行3.9万km LEDヘッドライト タイヤ溝少なめ,マツダ,2021,3.9,2000,青,なし,97.3
2020年式 トヨタ アクア 特別仕様車 走行6.3万km 禁煙車 ワンオーナー 小キズ多数 バッテリー要交換 ナビ地図データ古い,トヨタ,2020,6.3,1200,白,なし,89.5
2015年式 日産 セレナ Z 走行7.9万km ETC 衝突被害軽減ブレーキ バックカメラ,日産,2015,7.9,1000,黒,あり,88.6
2014年式 日産 セレナ 特別仕様車 走行7.8万km バックカメラ タイヤ溝少なめ,日産,2014,7.8,2500,白,あり,76.0
2023年式 マツダ デミオ 特別仕様車 走行0.5万km ドライブレコーダー 衝突被害軽減ブレーキ 純正ナビ ETC ディーラー整備記録簿あり 内装に汚れ,マツダ,2023,0.5,1000,シルバー,あり,176.1
2009年式 スバル フォレスター ハイブリッド 走行10.1万km 純正ナビ バッテリー要交換,スバル,2009,10.1,1800,黒,あり,42.0
2016年式 マツダ CX-5 4WD 走行6.9万km エアコン効き弱い,マツダ,2016,6.9,660,シルバー,あり,82.6
2012年式 スズキ ハスラー S 走行12.7万km ETC バックカメラ 禁煙車 両側パワースライドドア,スズキ,2012,12.7,1200,白,なし,26.8
2018年式 スバル インプレッサ ターボ 走行4.5万km ETC バッテリー要交換,スバル,2018,4.5,1800,青,あり,100.6
2016年式 スズキ ジムニー Z 走行7.0万km ETC フルセグTV 本革シート サンルーフ,スズキ,2016,7.0,660,赤,あり,84.1
2018年式 トヨタ カローラ X 走行6.4万km,トヨタ,2018,6.4,1500,シルバー,なし,81.7
2023年式 ホンダ ステップワゴン 4WD 走行4.8万km,ホンダ,2023,4.8,1200,黒,なし,272.7
2023年式 スバル フォレスター Z 走行0.9万km ドライブレコーダー ETC フルセグTV 禁煙車 バッテリー要交換 エアコン効き弱い タイヤ溝少なめ,スバル,2023,0.9,2000,青,なし,210.2
2013年式 日産 エクストレイル S 走行12.4万km 禁煙車 両側パワースライドドア 内装に汚れ,日産,2013,12.4,660,白,あり,64.4
2010年式 スズキ ジムニー ハイブリッド 走行13.8万km 修復歴あり,スズキ,2010,13.8,1200,赤,あり,15.0
2012年式 トヨタ カローラ Z 走行13.8万km ワンオーナー 衝突被害軽減ブレーキ ETC 鍵1本のみ,トヨタ,2012,13.8,660,シルバー,なし,29.5
2018年式 マツダ CX-5 Z 走行7.4万km 本革シート 小キズ多数,マツダ,2018,7.4,1800,パール,あり,131.7
2019年式 トヨタ アクア Z 走行3.5万km 純正ナビ,トヨタ,2019,3.5,660,シルバー,なし,87.9
2009年式 トヨタ プリウス ターボ 走行15.3万km LEDヘッドライト 本革シート バックカメラ,トヨタ,2009,15.3,2000,青,なし,31.6
2010年式 マツダ ロードスター 4WD 走行15.8万km フルセグTV,マツダ,2010,15.8,2500,青,あり,38.0
2016年式 スズキ ハスラー Z 走行7.2万km ディーラー整備記録簿あり サンルーフ,スズキ,2016,7.2,2000,白,あり,47.7
2022年式 スズキ スイフト 4WD 走行0.8万km 両側パワースライドドア サンルーフ 純正ナビ フルセグTV エアコン効き弱い タイヤ溝少なめ,スズキ,2022,0.8,2000,青,なし,118.6
2018年式 マツダ ロードスター S 走行5.4万km バックカメラ,マツダ,2018,5.4,1500,白,なし,119.5
2013年式 スズキ ジムニー G 走行11.0万km 新品タイヤ交換済 修復歴あり ナビ地図データ古い,スズキ,2013,11.0,1200,青,あり,22.7
2022年式 日産 ノート 特別仕様車 走行0.1万km LEDヘッドライト 衝突被害軽減ブレーキ 禁煙車 新品タイヤ交換済 バッテリー要交換 車検切れ,日産,2022,0.1,1000,黒,あり,139.7
2016年式 スズキ スイフト ハイブリッド 走行3.9万km 純正ナビ 両側パワースライドドア 禁煙車 ドライブレコーダー バックカメラ 鍵1本のみ,スズキ,2016,3.9,1200,黒,なし,56.7
2019年式 スズキ スイフト X 走行4.7万km フルセグTV 本革シート ワンオーナー LEDヘッドライト,スズキ,2019,4.7,1800,赤,あり,83.9
2012年式 スバル インプレッサ X 走行11.2万km 本革シート バックカメラ ナビ地図データ古い タイヤ溝少なめ,スバル,2012,11.2,1500,シルバー,なし,45.7
2017年式 ホンダ フィット ターボ 走行10.0万km サンルーフ ディーラー整備記録簿あり フルセグTV 本革シート 衝突被害軽減ブレーキ,ホンダ,2017,10.0,660,シルバー,あり,79.5
2014年式 ホンダ N-BOX G 走行7.9万km,ホンダ,2014,7.9,2000,パール,あり,38.7
2017年式 トヨタ アクア Z 走行6.9万km ETC ワンオーナー ディーラー整備記録簿あり エアコン効き弱い タイヤ溝少なめ,トヨタ,2017,6.9,1200,黒,なし,53.4
2017年式 スズキ ジムニー G 走行8.0万km,スズキ,2017,8.0,1500,パール,あり,65.8
2011年式 日産 リーフ 特別仕様車 走行8.0万km 衝突被害軽減ブレーキ 本革シート ETC 両側パワースライドドア LEDヘッドライト ナビ地図データ古い,日産,2011,8.0,0,黒,あり,74.6
2020年式 マツダ デミオ Z 走行7.6万km バックカメラ 内装に汚れ 修復歴あり,マツダ,2020,7.6,1800,白,あり,42.5
2012年式 ホンダ フィット X 走行12.7万km サンルーフ LEDヘッドライト 修復歴あり,ホンダ,2012,12.7,1200,赤,あり,16.3
2019年式 トヨタ アクア X 走行6.4万km ETC バックカメラ ナビ地図データ古い,トヨタ,2019,6.4,1200,青,あり,83.9
2013年式 マツダ デミオ ハイブリッド 走行13.1万km 禁煙車 バックカメラ 純正ナビ 小キズ多数,マツダ,2013,13.1,2000,赤,あり,27.0
2021年式 トヨタ ハリアー ターボ 走行5.4万km フルセグTV サンルーフ 新品タイヤ交換済,トヨタ,2021,5.4,1800,シルバー,なし,267.3
2020年式 ホンダ N-BOX S 走行0.4万km 純正ナビ,ホンダ,2020,0.4,1000,シルバー,なし,88.2
2014年式 マツダ CX-5 ハイブリッド 走行12.0万km ETC 本革シート ワンオーナー 車検切れ,マツダ,2014,12.0,660,パール,あり,92.6
2012年式 トヨタ カローラ Z 走行13.4万km 本革シート,トヨタ,2012,13.4,1000,黒,なし,33.4
2014年式 スバル インプレッサ 4WD 走行11.6万km ディーラー整備記録簿あり 両側パワースライドドア ETC ドライブレコーダー,スバル,2014,11.6,1200,シルバー,なし,65.7
2022年式 トヨタ ハリアー Z 走行0.1万km サンルーフ 両側パワースライドドア ETC 衝突被害軽減ブレーキ ディーラー整備記録簿あり 修復歴あり バッテリー要交換,トヨタ,2022,0.1,1500,白,なし,257.5
2015年式 ホンダ ステップワゴン ハイブリッド 走行8.1万km ワンオーナー,ホンダ,2015,8.1,660,黒,あり,105.7
2011年式 マツダ デミオ Z 走行13.8万km 両側パワースライドドア 新品タイヤ交換済 フルセグTV タイヤ溝少なめ 修復歴あり,マツダ,2011,13.8,1200,赤,あり,15.0
2014年式 スバル インプレッサ X 走行11.2万km 小キズ多数 鍵1本のみ,スバル,2014,11.2,2000,シルバー,あり,39.7
2021年式 ホンダ ヴェゼル ターボ 走行2.3万km ディーラー整備記録簿あり,ホンダ,2021,2.3,1500,赤,あり,190.8
2022年式 日産 セレナ ターボ 走行0.1万km 衝突被害軽減ブレーキ サンルーフ 内装に汚れ 鍵1本のみ,日産,2022,0.1,2000,赤,なし,252.7
2023年式 スバル レヴォーグ 特別仕様車 走行3.8万km フルセグTV,スバル,2023,3.8,1200,シルバー,あり,309.9
2018年式 ホンダ ヴェゼル ハイブリッド 走行2.9万km サンルーフ 本革シート ドライブレコーダー 禁煙車 ワンオーナー 鍵1本のみ,ホンダ,2018,2.9,1200,赤,なし,180.7
2012年式 トヨタ カローラ S 走行10.1万km 両側パワースライドドア 純正ナビ ETC 禁煙車 ドライブレコーダー,トヨタ,2012,10.1,2000,シルバー,なし,42.6
2015年式 マツダ デミオ 4WD 走行8.0万km LEDヘッドライト 純正ナビ ワンオーナー 新品タイヤ交換済 禁煙車,マツダ,2015,8.0,1800,パール,なし,58.0
2012年式 日産 リーフ 特別仕様車 走行13.1万km ワンオーナー バックカメラ バッテリー要交換,日産,2012,13.1,0,赤,なし,68.2
2020年式 スバル インプレッサ ハイブリッド 走行5.3万km ワンオーナー LEDヘッドライト ドライブレコーダー 内装に汚れ,スバル,2020,5.3,1800,シルバー,なし,145.8
2021年式 日産 リーフ X 走行0.1万km ドライブレコーダー 純正ナビ 本革シート 両側パワースライドドア 小キズ多数 車検切れ,日産,2021,0.1,0,青,あり,258.7
2009年式 スバル フォレスター G 走行13.5万km ディーラー整備記録簿あり 本革シート 内装に汚れ エアコン効き弱い バッテリー要交換,スバル,2009,13.5,1000,パール,なし,32.0
2013年式 トヨタ カローラ ターボ 走行13.0万km ワンオーナー 禁煙車 純正ナビ サンルーフ 鍵1本のみ,トヨタ,2013,13.0,1200,青,なし,48.0
2020年式 日産 セレナ Z 走行2.5万km ETC エアコン効き弱い,日産,2020,2.5,2000,パール,あり,164.7
2011年式 トヨタ プリウス G 走行9.0万km ドライブレコーダー,トヨタ,2011,9.0,660,青,あり,36.8
2020年式 トヨタ カローラ X 走行3.5万km,トヨタ,2020,3.5,1500,白,あり,106.4
2011年式 日産 セレナ ターボ 走行12.0万km ETC 内装に汚れ,日産,2011,12.0,2000,青,なし,42.2
2011年式 日産 リーフ G 走行8.1万km ETC ドライブレコーダー 衝突被害軽減ブレーキ 新品タイヤ交換済 両側パワースライドドア,日産,2011,8.1,0,パール,なし,53.8
2015年式 ホンダ フィット G 走行6.3万km 本革シート 両側パワースライドドア LEDヘッドライト ディーラー整備記録簿あり ドライブレコーダー 修復歴あり,ホンダ,2015,6.3,1000,パール,あり,39.5
2017年式 トヨタ アクア Z 走行6.5万km 新品タイヤ交換済 フルセグTV ETC 純正ナビ,トヨタ,2017,6.5,1800,青,あり,74.2
2022年式 マツダ ロードスター Z 走行0.1万km バッテリー要交換,マツダ,2022,0.1,1000,青,あり,204.7
2014年式 スバル インプレッサ S 走行9.0万km 純正ナビ,スバル,2014,9.0,1500,赤,なし,52.8
2023年式 マツダ CX-5 G 走行2.3万km ドライブレコーダー LEDヘッドライト,マツダ,2023,2.3,1200,青,あり,271.6
2021年式 ホンダ ステップワゴン Z 走行3.7万km LEDヘッドライト ドライブレコーダー ワンオーナー,ホンダ,2021,3.7,1000,パール,あり,205.3
2018年式 マツダ CX-5 4WD 走行6.9万km 衝突被害軽減ブレーキ バックカメラ 本革シート 新品タイヤ交換済 エアコン効き弱い 車検切れ,マツダ,2018,6.9,1200,黒,なし,149.0
2023年式 日産 エクストレイル 特別仕様車 走行1.5万km 両側パワースライドドア LEDヘッドライト,日産,2023,1.5,1500,白,あり,313.6
2016年式 マツダ デミオ Z 走行7.1万km 禁煙車 ディーラー整備記録簿あり バッテリー要交換 ナビ地図データ古い,マツダ,2016,7.1,1500,パール,あり,54.9
2016年式 トヨタ アルファード Z 走行4.9万km サンルーフ 衝突被害軽減ブレーキ 禁煙車 ドライブレコーダー 純正ナビ 修復歴あり,トヨタ,2016,4.9,1000,黒,あり,128.7
2018年式 日産 エクストレイル 特別仕様車 走行5.7万km ドライブレコーダー 鍵1本のみ,日産,2018,5.7,1200,シルバー,なし,146.1
2012年式 マツダ デミオ ハイブリッド 走行14.2万km 新品タイヤ交換済 ETC 修復歴あり エアコン効き弱い,マツダ,2012,14.2,660,青,あり,15.0
2022年式 スバル レヴォーグ 4WD 走行3.5万km 新品タイヤ交換済,スバル,2022,3.5,1000,黒,あり,283.2
2009年式 マツダ CX-5 X 走行12.4万km ディーラー整備記録簿あり 車検切れ,マツダ,2009,12.4,1800,赤,あり,34.9
2017年式 ホンダ フィット G 走行7.4万km サンルーフ ディーラー整備記録簿あり ワンオーナー 小キズ多数,ホンダ,2017,7.4,1000,黒,なし,66.3
2022年式 日産 セレナ ターボ 走行0.1万km 内装に汚れ,日産,2022,0.1,1800,赤,あり,224.3
2020年式 ホンダ ヴェゼル G 走行6.0万km LEDヘッドライト ドライブレコーダー 衝突被害軽減ブレーキ ETC サンルーフ,ホンダ,2020,6.0,1000,白,なし,175.4
2021年式 スバル レヴォーグ 特別仕様車 走行4.0万km 衝突被害軽減ブレーキ ドライブレコーダー ワンオーナー LEDヘッドライト ディーラー整備記録簿あり,スバル,2021,4.0,1200,パール,あり,304.9
2019年式 日産 エクストレイル G 走行4.1万km LEDヘッドライト,日産,2019,4.1,1500,シルバー,なし,168.1
2013年式 スバル フォレスター 4WD 走行11.7万km ドライブレコーダー 新品タイヤ交換済 本革シート 車検切れ 鍵1本のみ,スバル,2013,11.7,1200,青,あり,71.7
2015年式 ホンダ N-BOX 4WD 走行7.3万km フルセグTV 禁煙車 鍵1本のみ,ホンダ,2015,7.3,2000,黒,なし,40.7
2022年式 ホンダ N-BOX 4WD 走行1.2万km 純正ナビ サンルーフ バッテリー要交換 修復歴あり 内装に汚れ,ホンダ,2022,1.2,1000,黒,なし,68.9
2013年式 日産 リーフ 4WD 走行9.1万km 車検切れ 修復歴あり,日産,2013,9.1,0,黒,あり,32.3
2016年式 トヨタ プリウス ハイブリッド 走行8.2万km 純正ナビ ドライブレコーダー サンルーフ,トヨタ,2016,8.2,660,パール,なし,91.8
2014年式 スズキ ハスラー G 走行12.7万km,スズキ,2014,12.7,2500,青,なし,30.8
2022年式 マツダ ロードスター X 走行1.9万km,マツダ,2022,1.9,2000,シルバー,なし,212.5
2012年式 トヨタ ハリアー G 走行12.4万km 本革シート 内装に汚れ,トヨタ,2012,12.4,660,シルバー,あり,62.4
2015年式 トヨタ ハリアー S 走行7.9万km,トヨタ,2015,7.9,2000,青,あり,94.9
2015年式 トヨタ プリウス 4WD 走行6.5万km ディーラー整備記録簿あり LEDヘッドライト 禁煙車 ドライブレコーダー ETC,トヨタ,2015,6.5,2000,青,あり,93.6
2019年式 マツダ デミオ ハイブリッド 走行5.0万km バックカメラ ETC タイヤ溝少なめ ナビ地図データ古い,マツダ,2019,5.0,1500,青,なし,72.1
2017年式 マツダ ロードスター 4WD 走行5.5万km ETC サンルーフ ディーラー整備記録簿あり 純正ナビ 車検切れ,マツダ,2017,5.5,2500,青,あり,115.5
2014年式 スバル インプレッサ S 走行8.9万km,スバル,2014,8.9,2500,パール,あり,50.1
2017年式 ホンダ ヴェゼル ハイブリッド 走行5.5万km 本革シート ワンオーナー,ホンダ,2017,5.5,660,シルバー,あり,124.3
2018年式 日産 セレナ ターボ 走行4.4万km,日産,2018,4.4,1200,シルバー,なし,134.1
2010年式 日産 ノート 4WD 走行9.7万km フルセグTV 純正ナビ ワンオーナー 両側パワースライドドア 本革シート,日産,2010,9.7,1000,白,あり,33.4
2016年式 スズキ スイフト Z 走行6.5万km 両側パワースライドドア 本革シート バックカメラ 修復歴あり,スズキ,2016,6.5,2500,黒,なし,36.4
2010年式 スバル インプレッサ Z 走行13.1万km サンルーフ フルセグTV 新品タイヤ交換済 タイヤ溝少なめ 車検切れ,スバル,2010,13.1,1800,黒,あり,26.5
2013年式 スバル インプレッサ S 走行10.2万km ディーラー整備記録簿あり 禁煙車 新品タイヤ交換済 ドライブレコーダー サンルーフ ナビ地図データ古い,スバル,2013,10.2,1000,赤,あり,55.8
2022年式 ホンダ ヴェゼル ターボ 走行2.0万km ETC 衝突被害軽減ブレーキ 両側パワースライドドア 本革シート,ホンダ,2022,2.0,1800,パール,なし,295.1
2011年式 日産 ノート G 走行12.2万km 両側パワースライドドア LEDヘッドライト 純正ナビ 衝突被害軽減ブレーキ 禁煙車,日産,2011,12.2,1800,黒,あり,34.2
2013年式 マツダ CX-5 Z 走行11.2万km 衝突被害軽減ブレーキ フルセグTV 両側パワースライドドア バックカメラ 修復歴あり タイヤ溝少なめ,マツダ,2013,11.2,1200,白,あり,44.2
2016年式 トヨタ アクア 4WD 走行7.6万km ETC フルセグTV LEDヘッドライト 両側パワースライドドア,トヨタ,2016,7.6,2000,赤,なし,62.3
2020年式 マツダ ロードスター X 走行3.2万km バックカメラ 新品タイヤ交換済,マツダ,2020,3.2,1500,青,なし,171.3
2018年式 ホンダ フィット S 走行5.8万km LEDヘッドライト 純正ナビ,ホンダ,2018,5.8,1200,青,なし,69.6
2020年式 トヨタ アクア ターボ 走行6.0万km ディーラー整備記録簿あり バックカメラ 衝突被害軽減ブレーキ 本革シート サンルーフ エアコン効き弱い バッテリー要交換,トヨタ,2020,6.0,660,白,なし,119.0
2018年式 トヨタ プリウス X 走行6.1万km ドライブレコーダー ワンオーナー 禁煙車 本革シート フルセグTV,トヨタ,2018,6.1,1200,シルバー,あり,130.1
2015年式 ホンダ ヴェゼル 4WD 走行9.0万km,ホンダ,2015,9.0,1200,白,あり,73.4
2014年式 ホンダ N-BOX S 走行8.0万km,ホンダ,2014,8.0,1200,パール,あり,35.5
2019年式 ホンダ N-BOX ターボ 走行4.2万km LEDヘッドライト ナビ地図データ古い 車検切れ,ホンダ,2019,4.2,2000,パール,あり,69.5
2012年式 スズキ ハスラー 特別仕様車 走行9.1万km 禁煙車 両側パワースライドドア LEDヘッドライト ドライブレコーダー バッテリー要交換,スズキ,2012,9.1,1000,青,あり,33.0
2011年式 マツダ ロードスター ターボ 走行12.9万km 衝突被害軽減ブレーキ ディーラー整備記録簿あり 内装に汚れ タイヤ溝少なめ,マツダ,2011,12.9,2000,白,あり,42.5
2009年式 スズキ ハスラー G 走行13.4万km,スズキ,2009,13.4,1200,シルバー,あり,17.9
2015年式 日産 セレナ Z 走行8.9万km 衝突被害軽減ブレーキ ディーラー整備記録簿あり 禁煙車 バッテリー要交換,日産,2015,8.9,1000,パール,あり,95.7
2023年式 トヨタ ハリアー 特別仕様車 走行1.1万km サンルーフ 新品タイヤ交換済 純正ナビ タイヤ溝少なめ,トヨタ,2023,1.1,1500,パール,あり,404.9
2017年式 スズキ ジムニー Z 走行7.2万km,スズキ,2017,7.2,1000,パール,あり,69.2
2021年式 日産 エクストレイル Z 走行3.2万km サンルーフ 新品タイヤ交換済 ドライブレコーダー,日産,2021,3.2,1200,青,なし,236.8
2015年式 スズキ スイフト G 走行8.1万km フルセグTV 純正ナビ ETC 衝突被害軽減ブレーキ エアコン効き弱い,スズキ,2015,8.1,2500,シルバー,なし,38.9
2014年式 日産 エクストレイル 4WD 走行11.0万km,日産,2014,11.0,1200,赤,あり,82.1
2014年式 スズキ ジムニー ハイブリッド 走行7.2万km,スズキ,2014,7.2,660,パール,あり,48.7
2018年式 スバル フォレスター 4WD 走行5.5万km ワンオーナー 純正ナビ 車検切れ,スバル,2018,5.5,660,赤,なし,166.6
2015年式 ホンダ N-BOX 4WD 走行7.2万km サンルーフ,ホンダ,2015,7.2,1800,シルバー,あり,46.0
2011年式 マツダ デミオ ターボ 走行12.6万km 衝突被害軽減ブレーキ 禁煙車 バックカメラ タイヤ溝少なめ,マツダ,2011,12.6,2500,赤,あり,25.1
2019年式 マツダ デミオ Z 走行4.3万km エアコン効き弱い,マツダ,2019,4.3,1500,青,なし,72.5
2009年式 マツダ デミオ X 走行13.2万km 衝突被害軽減ブレーキ サンルーフ バッテリー要交換,マツダ,2009,13.2,1500,白,なし,18.4
2010年式 トヨタ プリウス 4WD 走行12.5万km ETC ディーラー整備記録簿あり 純正ナビ 内装に汚れ,トヨタ,2010,12.5,1000,シルバー,あり,34.2
2013年式 マツダ ロードスター ターボ 走行9.6万km ETC バックカメラ,マツダ,2013,9.6,2000,青,あり,61.9
2011年式 トヨタ プリウス ターボ 走行10.7万km サンルーフ,トヨタ,2011,10.7,1000,シルバー,あり,41.1
2023年式 スバル フォレスター S 走行0.9万km ETC ディーラー整備記録簿あり,スバル,2023,0.9,2500,黒,あり,289.7
2010年式 スバル レヴォーグ 特別仕様車 走行12.9万km 衝突被害軽減ブレーキ ドライブレコーダー ETC,スバル,2010,12.9,1800,黒,なし,53.7
2015年式 ホンダ ヴェゼル 特別仕様車 走行6.6万km ETC 禁煙車 ワンオーナー 純正ナビ サンルーフ 車検切れ,ホンダ,2015,6.6,1500,白,あり,103.3
2011年式 マツダ デミオ G 走行14.4万km 禁煙車 ディーラー整備記録簿あり 本革シート ナビ地図データ古い,マツダ,2011,14.4,1200,青,なし,24.5
2012年式 スズキ ハスラー 特別仕様車 走行9.8万km,スズキ,2012,9.8,2500,黒,あり,27.4
2020年式 トヨタ カローラ X 走行3.0万km バックカメラ 禁煙車 ディーラー整備記録簿あり フルセグTV ドライブレコーダー,トヨタ,2020,3.0,1800,赤,あり,130.1
2018年式 トヨタ プリウス 4WD 走行5.4万km バッテリー要交換 修復歴あり,トヨタ,2018,5.4,1500,赤,あり,50.0
2020年式 マツダ デミオ 4WD 走行1.6万km ドライブレコーダー サンルーフ バックカメラ ワンオーナー 両側パワースライドドア,マツダ,2020,1.6,2500,青,あり,142.9
2023年式 トヨタ プリウス Z 走行0.5万km ディーラー整備記録簿あり 禁煙車 鍵1本のみ,トヨタ,2023,0.5,660,黒,あり,217.5
2016年式 スズキ ジムニー 4WD 走行6.1万km 新品タイヤ交換済 純正ナビ,スズキ,2016,6.1,660,白,あり,73.8
2021年式 スズキ スイフト Z 走行5.1万km 新品タイヤ交換済 純正ナビ 本革シート,スズキ,2021,5.1,1200,青,あり,115.4
2021年式 マツダ CX-5 X 走行0.8万km ドライブレコーダー 両側パワースライドドア LEDヘッドライト,マツダ,2021,0.8,1200,シルバー,あり,247.9
2009年式 マツダ デミオ 特別仕様車 走行14.0万km 車検切れ 鍵1本のみ,マツダ,2009,14.0,2500,黒,なし,15.0
2019年式 マツダ ロードスター X 走行1.7万km 純正ナビ 両側パワースライドドア フルセグTV,マツダ,2019,1.7,1200,赤,あり,177.6
2011年式 スバル フォレスター ターボ 走行12.3万km 純正ナビ ワンオーナー 鍵1本のみ バッテリー要交換,スバル,2011,12.3,1200,青,なし,52.2
2012年式 スズキ スイフト 4WD 走行9.4万km ETC 小キズ多数 内装に汚れ,スズキ,2012,9.4,1200,パール,あり,24.0
2022年式 マツダ CX-5 S 走行2.1万km LEDヘッドライト ETC,マツダ,2022,2.1,660,パール,あり,266.3
2023年式 トヨタ カローラ S 走行0.1万km 新品タイヤ交換済 鍵1本のみ バッテリー要交換,トヨタ,2023,0.1,1000,白,なし,152.8
2018年式 スズキ ジムニー Z 走行5.1万km,スズキ,2018,5.1,1800,黒,あり,76.5
2016年式 トヨタ ハリアー Z 走行6.2万km 両側パワースライドドア 純正ナビ,トヨタ,2016,6.2,1800,白,あり,143.1
2019年式 マツダ ロードスター G 走行6.0万km 純正ナビ LEDヘッドライト 禁煙車,マツダ,2019,6.0,1000,黒,あり,146.5
2017年式 ホンダ ステップワゴン ターボ 走行2.9万km 純正ナビ,ホンダ,2017,2.9,1000,黒,なし,128.3
2014年式 日産 ノート ターボ 走行9.9万km LEDヘッドライト 本革シート 両側パワースライドドア,日産,2014,9.9,1800,パール,なし,52.1
2016年式 日産 セレナ ターボ 走行6.1万km 本革シート ディーラー整備記録簿あり バッテリー要交換 内装に汚れ エアコン効き弱い,日産,2016,6.1,1500,白,なし,97.1
2011年式 トヨタ ハリアー 特別仕様車 走行12.4万km 純正ナビ 禁煙車 本革シート 新品タイヤ交換済 車検切れ タイヤ溝少なめ,トヨタ,2011,12.4,1000,黒,なし,62.4
2013年式 スズキ スイフト 4WD 走行8.9万km 新品タイヤ交換済 純正ナビ サンルーフ 禁煙車 ナビ地図データ古い,スズキ,2013,8.9,1500,青,あり,38.9
2022年式 ホンダ ヴェゼル ハイブリッド 走行1.9万km,ホンダ,2022,1.9,1200,シルバー,あり,212.3
2015年式 トヨタ アクア Z 走行5.7万km 両側パワースライドドア,トヨタ,2015,5.7,660,白,あり,52.7
2011年式 マツダ ロードスター 特別仕様車 走行10.7万km サンルーフ 純正ナビ ドライブレコーダー 本革シート,マツダ,2011,10.7,660,シルバー,あり,60.4
2012年式 日産 リーフ ハイブリッド 走行9.5万km バックカメラ,日産,2012,9.5,0,白,なし,65.0
2023年式 マツダ CX-5 特別仕様車 走行1.8万km LEDヘッドライト ETC サンルーフ タイヤ溝少なめ,マツダ,2023,1.8,660,青,なし,320.1
2018年式 スバル インプレッサ 特別仕様車 走行6.9万km 本革シート ETC 禁煙車,スバル,2018,6.9,2000,白,あり,120.7
2011年式 マツダ CX-5 S 走行13.1万km サンルーフ バックカメラ,マツダ,2011,13.1,1500,シルバー,あり,50.2
2014年式 スズキ スイフト Z 走行7.9万km 両側パワースライドドア フルセグTV 本革シート ワンオーナー LEDヘッドライト,スズキ,2014,7.9,1200,黒,あり,46.6
2021年式 トヨタ アクア G 走行1.0万km 純正ナビ ドライブレコーダー ディーラー整備記録簿あり 新品タイヤ交換済 タイヤ溝少なめ,トヨタ,2021,1.0,1800,赤,あり,137.5
2022年式 マツダ デミオ ターボ 走行0.1万km フルセグTV LEDヘッドライト 衝突被害軽減ブレーキ 本革シート 禁煙車,マツダ,2022,0.1,1000,赤,あり,178.1
2023年式 スズキ ジムニー 特別仕様車 走行3.1万km ETC 禁煙車 修復歴あり 鍵1本のみ,スズキ,2023,3.1,2500,赤,あり,91.9
2013年式 スバル インプレッサ G 走行10.7万km 車検切れ,スバル,2013,10.7,1500,赤,あり,39.1
2013年式 日産 エクストレイル 4WD 走行13.1万km ETC,日産,2013,13.1,660,パール,あり,59.1
2009年式 マツダ デミオ S 走行10.0万km 新品タイヤ交換済 ナビ地図データ古い 修復歴あり,マツダ,2009,10.0,1800,シルバー,あり,15.0
2019年式 マツダ ロードスター S 走行1.9万km 衝突被害軽減ブレーキ 両側パワースライドドア 禁煙車 本革シート 修復歴あり,マツダ,2019,1.9,2500,青,なし,124.4
2021年式 マツダ デミオ ハイブリッド 走行1.5万km フルセグTV ワンオーナー ディーラー整備記録簿あり サンルーフ 鍵1本のみ タイヤ溝少なめ エアコン効き弱い,マツダ,2021,1.5,1500,青,なし,99.5
2011年式 スバル フォレスター 4WD 走行12.2万km 本革シート 小キズ多数,スバル,2011,12.2,1200,赤,あり,47.6
2009年式 ホンダ フィット Z 走行10.7万km ディーラー整備記録簿あり 本革シート,ホンダ,2009,10.7,2000,黒,なし,22.9
2021年式 スズキ ジムニー S 走行2.2万km サンルーフ バッテリー要交換 タイヤ溝少なめ,スズキ,2021,2.2,2500,青,なし,122.3
2017年式 日産 リーフ 特別仕様車 走行8.1万km ディーラー整備記録簿あり バックカメラ サンルーフ ワンオーナー,日産,2017,8.1,0,パール,あり,161.1
2015年式 スバル フォレスター Z 走行6.9万km 衝突被害軽減ブレーキ 両側パワースライドドア 鍵1本のみ,スバル,2015,6.9,2500,白,あり,100.0
2017年式 ホンダ ヴェゼル ハイブリッド 走行6.2万km LEDヘッドライト 純正ナビ ディーラー整備記録簿あり フルセグTV タイヤ溝少なめ,ホンダ,2017,6.2,2500,黒,あり,124.4
2015年式 スズキ ジムニー Z 走行8.7万km 両側パワースライドドア ワンオーナー エアコン効き弱い,スズキ,2015,8.7,1500,パール,あり,55.1
2015年式 トヨタ アクア 特別仕様車 走行6.7万km 禁煙車 ETC フルセグTV 新品タイヤ交換済 両側パワースライドドア 修復歴あり,トヨタ,2015,6.7,660,赤,あり,42.2
2013年式 ホンダ N-BOX G 走行11.1万km サンルーフ ドライブレコーダー ディーラー整備記録簿あり 衝突被害軽減ブレーキ ナビ地図データ古い エアコン効き弱い,ホンダ,2013,11.1,1500,白,あり,32.6
2017年式 マツダ デミオ 4WD 走行11.3万km,マツダ,2017,11.3,660,赤,あり,50.8
2015年式 日産 ノート X 走行11.3万km ETC ディーラー整備記録簿あり 本革シート サンルーフ 修復歴あり,日産,2015,11.3,2500,赤,なし,38.8
2021年式 トヨタ ハリアー 特別仕様車 走行2.2万km 純正ナビ バッテリー要交換 車検切れ,トヨタ,2021,2.2,1800,青,なし,242.6
2014年式 ホンダ ヴェゼル ハイブリッド 走行6.1万km ETC 新品タイヤ交換済 ディーラー整備記録簿あり ドライブレコーダー,ホンダ,2014,6.1,2500,青,あり,93.2
2018年式 スバル フォレスター X 走行5.7万km 車検切れ エアコン効き弱い タイヤ溝少なめ,スバル,2018,5.7,1200,黒,あり,94.0
2010年式 トヨタ カローラ S 走行14.4万km フルセグTV ディーラー整備記録簿あり 純正ナビ LEDヘッドライト,トヨタ,2010,14.4,1800,シルバー,あり,30.7
2018年式 マツダ ロードスター S 走行3.8万km ドライブレコーダー バックカメラ サンルーフ 純正ナビ,マツダ,2018,3.8,1200,シルバー,なし,141.4
2009年式 マツダ ロードスター G 走行12.9万km 衝突被害軽減ブレーキ 新品タイヤ交換済 両側パワースライドドア 小キズ多数,マツダ,2009,12.9,660,赤,あり,31.3
2016年式 ホンダ N-BOX 4WD 走行7.0万km,ホンダ,2016,7.0,1800,白,なし,51.9
2018年式 日産 ノート ターボ 走行6.9万km 純正ナビ LEDヘッドライト ディーラー整備記録簿あり 本革シート フルセグTV,日産,2018,6.9,2500,白,あり,99.2
2021年式 ホンダ ステップワゴン X 走行2.2万km LEDヘッドライト ワンオーナー ディーラー整備記録簿あり サンルーフ 鍵1本のみ エアコン効き弱い,ホンダ,2021,2.2,1200,パール,あり,243.2
2016年式 ホンダ N-BOX 特別仕様車 走行7.0万km 内装に汚れ,ホンダ,2016,7.0,2500,白,あり,44.7
2012年式 ホンダ ステップワゴン ターボ 走行11.0万km,ホンダ,2012,11.0,1800,シルバー,あり,57.9
2019年式 スバル フォレスター Z 走行4.2万km,スバル,2019,4.2,1800,黒,なし,164.9
2016年式 ホンダ フィット ターボ 走行5.8万km 純正ナビ ディーラー整備記録簿あり 衝突被害軽減ブレーキ,ホンダ,2016,5.8,1000,青,あり,60.5
2012年式 マツダ ロードスター 4WD 走行10.0万km 純正ナビ LEDヘッドライト,マツダ,2012,10.0,660,白,なし,60.6
2022年式 トヨタ カローラ Z 走行2.5万km ドライブレコーダー 純正ナビ 衝突被害軽減ブレーキ バックカメラ 両側パワースライドドア エアコン効き弱い ナビ地図データ古い,トヨタ,2022,2.5,1200,白,あり,157.0
2010年式 トヨタ プリウス ハイブリッド 走行12.3万km 純正ナビ ディーラー整備記録簿あり 新品タイヤ交換済 ワンオーナー 内装に汚れ,トヨタ,2010,12.3,660,パール,あり,36.5
2017年式 スバル インプレッサ ターボ 走行6.0万km 新品タイヤ交換済 内装に汚れ エアコン効き弱い,スバル,2017,6.0,1800,白,なし,67.1
2023年式 ホンダ フィット ハイブリッド 走行0.1万km バックカメラ ETC LEDヘッドライト,ホンダ,2023,0.1,660,パール,あり,166.1
2012年式 ホンダ フィット X 走行9.5万km ワンオーナー 修復歴あり,ホンダ,2012,9.5,1200,黒,あり,18.5
2015年式 日産 セレナ ハイブリッド 走行7.5万km 衝突被害軽減ブレーキ ドライブレコーダー ETC,日産,2015,7.5,2000,パール,あり,99.4
2013年式 トヨタ プリウス ハイブリッド 走行9.2万km 禁煙車 バックカメラ 新品タイヤ交換済 ディーラー整備記録簿あり ドライブレコーダー,トヨタ,2013,9.2,1500,白,あり,57.8
2009年式 トヨタ アクア 特別仕様車 走行13.0万km 内装に汚れ,トヨタ,2009,13.0,660,青,あり,17.3
2021年式 トヨタ アルファード Z 走行3.7万km サンルーフ 純正ナビ 新品タイヤ交換済,トヨタ,2021,3.7,660,パール,あり,353.6
2014年式 ホンダ ヴェゼル 4WD 走行8.9万km ETC 本革シート バッテリー要交換,ホンダ,2014,8.9,2000,黒,あり,69.6
2017年式 日産 リーフ Z 走行8.5万km サンルーフ バッテリー要交換 小キズ多数,日産,2017,8.5,0,パール,なし,98.0
2015年式 ホンダ フィット ターボ 走行5.7万km 純正ナビ ワンオーナー 修復歴あり,ホンダ,2015,5.7,1800,赤,あり,34.5
2018年式 ホンダ フィット X 走行5.7万km,ホンダ,2018,5.7,1200,青,なし,72.9
2013年式 スズキ スイフト X 走行8.6万km サンルーフ バックカメラ 禁煙車 ドライブレコーダー ディーラー整備記録簿あり,スズキ,2013,8.6,1000,パール,なし,40.3
2010年式 スバル フォレスター ハイブリッド 走行10.9万km ディーラー整備記録簿あり 修復歴あり,スバル,2010,10.9,1500,黒,あり,29.6
2010年式 トヨタ アクア ターボ 走行15.9万km LEDヘッドライト ワンオーナー バックカメラ 衝突被害軽減ブレーキ,トヨタ,2010,15.9,1000,赤,なし,24.6
2016年式 マツダ デミオ 4WD 走行10.3万km サンルーフ 禁煙車 両側パワースライドドア フルセグTV 新品タイヤ交換済,マツダ,2016,10.3,2500,赤,なし,65.1
2014年式 マツダ CX-5 X 走行10.0万km サンルーフ 衝突被害軽減ブレーキ LEDヘッドライト ETC,マツダ,2014,10.0,2000,黒,あり,84.2
2009年式 マツダ CX-5 Z 走行13.5万km バックカメラ 両側パワースライドドア フルセグTV タイヤ溝少なめ,マツダ,2009,13.5,1800,シルバー,あり,41.0
2021年式 スズキ ジムニー 4WD 走行2.6万km,スズキ,2021,2.6,1800,パール,あり,134.6
2021年式 スバル レヴォーグ X 走行3.5万km,スバル,2021,3.5,1800,黒,あり,249.9
2019年式 トヨタ プリウス 4WD 走行2.1万km ドライブレコーダー バックカメラ サンルーフ,トヨタ,2019,2.1,1800,白,あり,136.2
2023年式 トヨタ アルファード ハイブリッド 走行0.1万km 禁煙車 純正ナビ フルセグTV 内装に汚れ 小キズ多数 修復歴あり,トヨタ,2023,0.1,1800,シルバー,あり,221.1
2020年式 トヨタ アクア X 走行1.7万km 両側パワースライドドア バッテリー要交換,トヨタ,2020,1.7,1200,白,あり,88.8
2012年式 日産 セレナ X 走行7.7万km 両側パワースライドドア ドライブレコーダー 新品タイヤ交換済 LEDヘッドライト ワンオーナー,日産,2012,7.7,1200,青,あり,69.8
2015年式 日産 セレナ ターボ 走行10.3万km ETC フルセグTV エアコン効き弱い,日産,2015,10.3,1200,シルバー,なし,59.6
2020年式 スバル レヴォーグ ハイブリッド 走行3.5万km ETC 禁煙車 内装に汚れ,スバル,2020,3.5,1800,青,あり,192.7
2016年式 トヨタ アクア ハイブリッド 走行9.6万km ワンオーナー 純正ナビ フルセグTV ETC ドライブレコーダー,トヨタ,2016,9.6,1500,シルバー,なし,59.7
2021年式 ホンダ N-BOX ターボ 走行3.1万km フルセグTV LEDヘッドライト ワンオーナー 衝突被害軽減ブレーキ ドライブレコーダー,ホンダ,2021,3.1,1500,青,あり,130.1
2023年式 スズキ ハスラー Z 走行3.1万km 純正ナビ バックカメラ エアコン効き弱い,スズキ,2023,3.1,2000,青,あり,108.0
2017年式 スバル レヴォーグ ハイブリッド 走行4.1万km バックカメラ サンルーフ 本革シート LEDヘッドライト ドライブレコーダー 鍵1本のみ,スバル,2017,4.1,2500,青,あり,173.1
2022年式 スバル フォレスター 4WD 走行2.5万km ワンオーナー サンルーフ,スバル,2022,2.5,1200,パール,あり,279.8
2018年式 スズキ ハスラー S 走行4.6万km タイヤ溝少なめ,スズキ,2018,4.6,660,パール,あり,55.7
2017年式 トヨタ ハリアー ターボ 走行7.3万km バックカメラ ETC 本革シート 禁煙車 サンルーフ,トヨタ,2017,7.3,1200,赤,なし,192.9
2015年式 日産 セレナ X 走行6.2万km バックカメラ ドライブレコーダー LEDヘッドライト フルセグTV,日産,2015,6.2,1200,赤,なし,78.6
2017年式 スズキ ハスラー 4WD 走行7.9万km 両側パワースライドドア ETC,スズキ,2017,7.9,1000,黒,あり,57.2
2020年式 スズキ ジムニー X 走行4.1万km バックカメラ サンルーフ 新品タイヤ交換済 フルセグTV 本革シート,スズキ,2020,4.1,2500,赤,なし,143.0
2013年式 スバル フォレスター Z 走行9.6万km 本革シート 両側パワースライドドア 新品タイヤ交換済 バッテリー要交換,スバル,2013,9.6,1200,パール,あり,82.3
2018年式 トヨタ ハリアー G 走行7.4万km ワンオーナー ディーラー整備記録簿あり 純正ナビ フルセグTV サンルーフ,トヨタ,2018,7.4,1000,シルバー,あり,218.0
2010年式 トヨタ ハリアー 4WD 走行13.3万km バックカメラ 両側パワースライドドア ETC バッテリー要交換,トヨタ,2010,13.3,2000,赤,あり,51.4
2017年式 トヨタ アクア X 走行3.4万km 小キズ多数 修復歴あり,トヨタ,2017,3.4,2000,パール,あり,28.6
2023年式 トヨタ アクア Z 走行0.1万km バックカメラ 本革シート,トヨタ,2023,0.1,1000,黒,あり,179.8
2020年式 スバル フォレスター Z 走行1.5万km サンルーフ フルセグTV 衝突被害軽減ブレーキ 新品タイヤ交換済 バックカメラ,スバル,2020,1.5,660,白,なし,235.4
2010年式 トヨタ ハリアー G 走行15.8万km ドライブレコーダー 禁煙車 バックカメラ エアコン効き弱い,トヨタ,2010,15.8,1200,パール,なし,46.4
2009年式 スバル レヴォーグ S 走行9.1万km ドライブレコーダー 新品タイヤ交換済 ナビ地図データ古い,スバル,2009,9.1,1200,黒,あり,44.1
2013年式 スバル インプレッサ Z 走行9.6万km 新品タイヤ交換済 ディーラー整備記録簿あり 本革シート ETC,スバル,2013,9.6,1500,黒,あり,54.4
2015年式 スバル レヴォーグ Z 走行7.2万km ディーラー整備記録簿あり 禁煙車 ETC 純正ナビ,スバル,2015,7.2,660,赤,あり,107.9
2009年式 トヨタ ハリアー ハイブリッド 走行15.4万km バックカメラ LEDヘッドライト,トヨタ,2009,15.4,1000,青,あり,45.8
2017年式 マツダ ロードスター 4WD 走行6.1万km ワンオーナー フルセグTV 衝突被害軽減ブレーキ 禁煙車 新品タイヤ交換済 タイヤ溝少なめ,マツダ,2017,6.1,2000,青,あり,139.6
2019年式 スバル フォレスター ハイブリッド 走行5.7万km サンルーフ,スバル,2019,5.7,1800,赤,なし,165.4
2021年式 ホンダ N-BOX S 走行2.9万km エアコン効き弱い バッテリー要交換,ホンダ,2021,2.9,660,黒,あり,84.0
2017年式 スバル レヴォーグ ターボ 走行7.7万km ワンオーナー ディーラー整備記録簿あり ドライブレコーダー,スバル,2017,7.7,2000,黒,なし,163.2
2022年式 ホンダ フィット X 走行0.2万km ディーラー整備記録簿あり 本革シート,ホンダ,2022,0.2,1200,パール,なし,151.5
2010年式 スズキ スイフト Z 走行11.8万km,スズキ,2010,11.8,1000,赤,なし,17.5
2021年式 トヨタ アクア ターボ 走行3.2万km 新品タイヤ交換済 フルセグTV LEDヘッドライト タイヤ溝少なめ,トヨタ,2021,3.2,1800,赤,なし,117.1
2020年式 マツダ デミオ 4WD 走行6.0万km,マツダ,2020,6.0,2500,白,あり,91.7
2014年式 トヨタ アクア ハイブリッド 走行9.8万km 衝突被害軽減ブレーキ 車検切れ バッテリー要交換,トヨタ,2014,9.8,2000,赤,あり,39.2
2011年式 スバル レヴォーグ S 走行10.2万km バックカメラ 純正ナビ 衝突被害軽減ブレーキ フルセグTV ディーラー整備記録簿あり 鍵1本のみ,スバル,2011,10.2,2500,黒,なし,64.3
2022年式 トヨタ プリウス G 走行0.1万km ディーラー整備記録簿あり 本革シート フルセグTV 新品タイヤ交換済 サンルーフ バッテリー要交換,トヨタ,2022,0.1,1200,白,あり,229.6
2012年式 スズキ ジムニー Z 走行12.3万km サンルーフ 新品タイヤ交換済 両側パワースライドドア ナビ地図データ古い,スズキ,2012,12.3,1800,パール,あり,37.6
2012年式 スズキ ハスラー X 走行9.4万km,スズキ,2012,9.4,1800,黒,あり,23.9
2022年式 スズキ スイフト 4WD 走行1.4万km 禁煙車 本革シート 純正ナビ ドライブレコーダー 車検切れ,スズキ,2022,1.4,1000,黒,あり,138.0
2015年式 日産 リーフ 特別仕様車 走行9.6万km エアコン効き弱い タイヤ溝少なめ,日産,2015,9.6,0,シルバー,あり,71.6
2014年式 スズキ ジムニー X 走行8.2万km 内装に汚れ,スズキ,2014,8.2,1500,パール,なし,47.4
2023年式 スバル フォレスター 4WD 走行2.5万km 新品タイヤ交換済 ドライブレコーダー ETC 衝突被害軽減ブレーキ タイヤ溝少なめ,スバル,2023,2.5,2000,パール,あり,313.6
2012年式 スズキ ジムニー Z 走行10.6万km フルセグTV 純正ナビ 衝突被害軽減ブレーキ,スズキ,2012,10.6,2000,黒,あり,39.7
2021年式 スズキ ハスラー ターボ 走行4.4万km 両側パワースライドドア 本革シート LEDヘッドライト ワンオーナー,スズキ,2021,4.4,1000,青,なし,127.8
2020年式 マツダ ロードスター 4WD 走行6.7万km 新品タイヤ交換済 フルセグTV ワンオーナー 衝突被害軽減ブレーキ ドライブレコーダー,マツダ,2020,6.7,1000,シルバー,あり,185.3
2023年式 日産 セレナ 4WD 走行0.1万km 新品タイヤ交換済 サンルーフ,日産,2023,0.1,1500,赤,あり,323.1
2023年式 スズキ スイフト ハイブリッド 走行0.1万km ディーラー整備記録簿あり 禁煙車 バックカメラ 両側パワースライドドア サンルーフ 車検切れ,スズキ,2023,0.1,1000,白,あり,164.4
2023年式 スバル フォレスター ターボ 走行1.8万km サンルーフ 禁煙車 ドライブレコーダー ナビ地図データ古い,スバル,2023,1.8,1800,パール,あり,364.9
2012年式 マツダ ロードスター ハイブリッド 走行12.6万km エアコン効き弱い,マツダ,2012,12.6,2500,シルバー,あり,45.0
2009年式 日産 エクストレイル G 走行15.1万km LEDヘッドライト バックカメラ 禁煙車,日産,2009,15.1,660,黒,あり,37.8
2015年式 ホンダ N-BOX Z 走行9.6万km LEDヘッドライト 両側パワースライドドア バックカメラ 小キズ多数,ホンダ,2015,9.6,660,赤,なし,38.7
2009年式 スズキ スイフト 4WD 走行13.0万km 車検切れ,スズキ,2009,13.0,2500,赤,あり,15.8
2020年式 日産 リーフ ハイブリッド 走行6.2万km ワンオーナー 内装に汚れ,日産,2020,6.2,0,赤,あり,182.1
2009年式 日産 セレナ ハイブリッド 走行14.6万km ETC 衝突被害軽減ブレーキ 新品タイヤ交換済 サンルーフ,日産,2009,14.6,2500,青,あり,41.3
2010年式 トヨタ ハリアー 特別仕様車 走行14.0万km 禁煙車 ドライブレコーダー,トヨタ,2010,14.0,1800,赤,あり,47.5
2012年式 トヨタ アクア Z 走行12.6万km サンルーフ 本革シート,トヨタ,2012,12.6,1500,赤,あり,32.8
2010年式 トヨタ プリウス 特別仕様車 走行10.6万km ディーラー整備記録簿あり ワンオーナー サンルーフ 本革シート,トヨタ,2010,10.6,1500,黒,あり,49.0
2017年式 スバル インプレッサ S 走行7.7万km,スバル,2017,7.7,1000,パール,あり,77.3
2011年式 スバル フォレスター S 走行11.6万km バックカメラ ディーラー整備記録簿あり フルセグTV 衝突被害軽減ブレーキ,スバル,2011,11.6,1000,パール,なし,56.5
2022年式 スズキ ジムニー 4WD 走行0.1万km 両側パワースライドドア 新品タイヤ交換済 ETC 本革シート 車検切れ バッテリー要交換,スズキ,2022,0.1,1800,パール,あり,183.1
2009年式 ホンダ N-BOX X 走行13.1万km ETC ドライブレコーダー 衝突被害軽減ブレーキ LEDヘッドライト,ホンダ,2009,13.1,2000,シルバー,あり,20.6
2020年式 ホンダ フィット 4WD 走行3.3万km ワンオーナー 純正ナビ サンルーフ フルセグTV 両側パワースライドドア 鍵1本のみ 内装に汚れ,ホンダ,2020,3.3,2500,シルバー,なし,105.3
2017年式 スバル フォレスター ハイブリッド 走行2.9万km ETC 禁煙車 フルセグTV 本革シート ワンオーナー バッテリー要交換,スバル,2017,2.9,2500,シルバー,なし,174.7
2017年式 スバル インプレッサ G 走行6.2万km 新品タイヤ交換済 ドライブレコーダー ETC フルセグTV サンルーフ,スバル,2017,6.2,2500,黒,なし,106.9
2011年式 日産 セレナ G 走行12.3万km サンルーフ バックカメラ,日産,2011,12.3,1800,黒,なし,52.1
2022年式 スズキ ハスラー 特別仕様車 走行2.3万km LEDヘッドライト,スズキ,2022,2.3,660,青,なし,119.7
2023年式 マツダ デミオ Z 走行0.1万km ETC ワンオーナー 禁煙車 車検切れ 鍵1本のみ バッテリー要交換,マツダ,2023,0.1,1500,黒,あり,122.6
2020年式 ホンダ フィット ターボ 走行1.4万km 本革シート 新品タイヤ交換済,ホンダ,2020,1.4,660,シルバー,あり,120.9
2020年式 日産 リーフ 特別仕様車 走行0.1万km,日産,2020,0.1,0,黒,なし,183.1
2017年式 日産 エクストレイル G 走行7.0万km フルセグTV 内装に汚れ バッテリー要交換,日産,2017,7.0,1800,パール,あり,96.6
2020年式 日産 ノート ハイブリッド 走行6.1万km 修復歴あり,日産,2020,6.1,1500,シルバー,あり,53.1
2010年式 スバル インプレッサ Z 走行11.3万km ワンオーナー,スバル,2010,11.3,1000,白,あり,32.3
2023年式 スズキ スイフト Z 走行4.0万km ナビ地図データ古い,スズキ,2023,4.0,660,黒,あり,108.4
2013年式 ホンダ ヴェゼル S 走行9.3万km LEDヘッドライト,ホンダ,2013,9.3,660,パール,なし,53.8
2020年式 日産 セレナ Z 走行1.9万km ETC 禁煙車 本革シート 新品タイヤ交換済 LEDヘッドライト,日産,2020,1.9,2000,パール,あり,210.1
2023年式 トヨタ カローラ 4WD 走行2.9万km バックカメラ LEDヘッドライト,トヨタ,2023,2.9,1500,シルバー,あり,186.4
2019年式 トヨタ カローラ 4WD 走行2.3万km 両側パワースライドドア,トヨタ,2019,2.3,1000,白,あり,123.2
2014年式 スズキ ジムニー S 走行11.4万km ワンオーナー,スズキ,2014,11.4,1000,シルバー,なし,44.0
2017年式 マツダ CX-5 特別仕様車 走行6.5万km ドライブレコーダー フルセグTV サンルーフ,マツダ,2017,6.5,1000,黒,あり,133.4
2022年式 日産 ノート 4WD 走行0.1万km ETC,日産,2022,0.1,2000,白,なし,161.4
2009年式 トヨタ カローラ G 走行13.5万km ドライブレコーダー 衝突被害軽減ブレーキ 新品タイヤ交換済 バックカメラ エアコン効き弱い 内装に汚れ 小キズ多数,トヨタ,2009,13.5,2000,シルバー,なし,18.8
2018年式 スバル レヴォーグ S 走行6.3万km エアコン効き弱い 小キズ多数,スバル,2018,6.3,1500,黒,あり,94.3
